1	正看護師	0	2016/7/7 13:50	2016/7/7 13:50
2	准看護師	0	2016/7/7 13:50	2016/7/7 13:50
3	保健師	0	2016/7/7 13:50	2016/7/7 13:50
4	助産師	0	2016/7/7 13:50	2016/7/7 13:50
5	認定系	0	2016/7/7 13:50	2016/7/7 13:50
6	理学療法士	0	2016/7/7 13:50	2016/7/7 13:50
7	作業療法士	0	2016/7/7 13:50	2016/7/7 13:50
8	言語聴覚士	0	2016/7/7 13:50	2016/7/7 13:50
9	介護職員初任者研修	0	2016/7/7 13:50	2016/7/7 13:50
10	介護職員基礎研修	0	2016/7/7 13:50	2016/7/7 13:50
11	介護職員実務者研修	0	2016/7/7 13:50	2016/7/7 13:50
12	介護福祉士	0	2016/7/7 13:50	2016/7/7 13:50
13	介護支援専門員	0	2016/7/7 13:50	2016/7/7 13:50
14	社会福祉士	0	2016/7/7 13:50	2016/7/7 13:50
15	社会福祉主事	0	2016/7/7 13:50	2016/7/7 13:50
16	ヘルパー2級	0	2016/7/7 13:50	2016/7/7 13:50
17	ヘルパー1級	0	2016/7/7 13:50	2016/7/7 13:50
18	臨床検査技師	0	2016/7/7 13:50	2016/7/7 13:50
19	臨床工学技士	0	2016/7/7 13:50	2016/7/7 13:50
20	診療放射線技師	0	2016/7/7 13:50	2016/7/7 13:50
21	その他	1	2016/7/7 13:50	2016/7/7 13:50
