-- phpMyAdmin SQL Dump
-- version wadax
-- http://www.phpmyadmin.net
--
-- Host: localhost:3306
-- Generation Time: Jun 30, 2015 at 09:00 午前
-- Server version: 5.1.73-log
-- PHP Version: 5.3.3

SET SQL_MODE="NO_AUTO_VALUE_ON_ZERO";
SET time_zone = "+00:00";

--
-- Database: `ot-work-jp01`
--

-- --------------------------------------------------------

--
-- Table structure for table `applicants`
--

CREATE TABLE IF NOT EXISTS `applicants` (
  `id` int(11) NOT NULL AUTO_INCREMENT,
  `serial_number` varchar(100) NOT NULL,
  `name` varchar(100) NOT NULL COMMENT 'お名前',
  `furigana` varchar(100) NOT NULL COMMENT 'ふりがな',
  `gender` varchar(20) NOT NULL COMMENT '性別',
  `date_of_birth` date NOT NULL COMMENT '生年月日',
  `postalcode` varchar(20) NOT NULL COMMENT '郵便番号',
  `prefecture_id` int(11) NOT NULL COMMENT '都道府県',
  `address` varchar(255) NOT NULL COMMENT '住所',
  `tel` varchar(100) NOT NULL COMMENT '携帯電話',
  `email` varchar(255) NOT NULL COMMENT 'メールアドレス',
  `contact_time` varchar(255) NOT NULL COMMENT '連絡時間帯',
  `year_of_experience` varchar(255) NOT NULL COMMENT 'ご経験年数',
  `desired_joining_time` varchar(255) NOT NULL COMMENT '入職希望',
  `employment_pattern` varchar(255) NOT NULL COMMENT '就業形態',
  `employment_status` varchar(255) NOT NULL COMMENT '就業状況',
  `desired_location_first_id` int(11) NOT NULL COMMENT '希望勤務地１',
  `desired_location_second_id` int(11) NOT NULL COMMENT '希望勤務地１',
  `qualification_year` varchar(255) NOT NULL COMMENT '資格取得年',
  `remarks` text NOT NULL COMMENT '備考',
  `work_type_id` int(4) NOT NULL,
  `status` enum('unread','read') NOT NULL DEFAULT 'unread',
  `deleted` tinyint(1) NOT NULL DEFAULT '0',
  `user_id` int(11) NOT NULL,
  `note_count` int(11) NOT NULL DEFAULT '0',
  `created_at` datetime NOT NULL,
  `updated_at` timestamp NOT NULL DEFAULT CURRENT_TIMESTAMP ON UPDATE CURRENT_TIMESTAMP,
  PRIMARY KEY (`id`),
  KEY `gender` (`gender`,`prefecture_id`,`work_type_id`,`status`)
) ENGINE=MyISAM  DEFAULT CHARSET=utf8 AUTO_INCREMENT=100180 ;

--
-- Dumping data for table `applicants`
--

INSERT INTO `applicants` (`id`, `serial_number`, `name`, `furigana`, `gender`, `date_of_birth`, `postalcode`, `prefecture_id`, `address`, `tel`, `email`, `contact_time`, `year_of_experience`, `desired_joining_time`, `employment_pattern`, `employment_status`, `desired_location_first_id`, `desired_location_second_id`, `qualification_year`, `remarks`, `work_type_id`, `status`, `deleted`, `user_id`, `note_count`, `created_at`, `updated_at`) VALUES
(100001, '201407170003', '神谷悠介', 'かみやゆうすけ', '', '1983-05-22', '', 0, ' ', '09076103167', 'y.kamiya@summer-snow.co.jp', '9:00〜12:00', '1年未満', '1ヶ月以内', 'こだわらない', '在職中（退職時期未定）', 4, 18, '1994', '', 1, 'read', 1, 0, 0, '2014-08-25 16:05:14', '2014-11-03 04:57:19'),
(100002, '201407170004', '神谷悠介', 'かみやゆうすけ', '', '0000-00-00', '1500045', 13, '渋谷区神泉町 3-13-102', '090-7610-3167', 'y.kamiya@summer-snow.co.jp', '9:00〜12:00', '1〜3年未満', '3ヶ月以内', '常勤', '在職中（退職時期未定）', 6, 20, '1992', '', 1, 'read', 1, 0, 0, '2014-08-25 16:05:14', '2014-10-28 03:31:23'),
(100003, '201407170005', '続き', 'つず', '', '0000-00-00', '4441221', 23, '安城市和泉町 131', '3456789', 'norisuke.pon@gmail.com', '15:00〜18:00', '3〜5年未満', '3ヶ月以内', '常勤', '離職中', 7, 0, '2006', '', 1, 'read', 1, 0, 0, '2014-08-25 16:05:14', '2014-10-28 03:31:51'),
(100121, '201408180009', 'kaswan', 'カスワン', '', '0000-00-00', '1840012', 13, '小金井市中町 ２０１', '0123456789', 'kaswan@broz.jp', '', '1〜3年未満', '1ヶ月以内', '', '在職中（退職時期確定済み）', 3, 0, '2005', '', 2, 'unread', 1, 0, 0, '2014-12-07 16:03:56', '2014-12-10 02:04:21'),
(100122, '201412090029', '半田 友吉', 'ハンダ トモヨシ', '', '1988-08-08', '0680029', 1, '岩見沢市九条西 1-1', '09085778480', 'cyurrruc@hotmail.com', '12:00～15:00', '1～3年未満', '6ヶ月以内', '常勤', '在職中（退職時期未定）', 12, 0, '2008', '', 1, 'unread', 1, 0, 0, '2014-12-10 11:04:07', '2014-12-10 02:04:31'),
(100006, '201407170004', '神谷悠介', 'かみやゆうすけ', '', '2008-05-20', '', 0, ' ', '09076103167', 'y.kamiya@summer-snow.co.jp', '15:00〜18:00', '10年以上', '2ヶ月以内', '常勤', '在職中（退職時期未定）', 9, 8, '2006', '', 2, 'read', 1, 0, 0, '2014-08-25 16:05:14', '2014-10-28 03:31:29'),
(100010, '201408030008', '宮崎　彰伸', 'みやざきあきのぶ', '', '0000-00-00', '2250002', 14, '横浜市青葉区美しが丘 1--13--10　吉村ビル', '09065980300', 'aki@broz.jp', '12:00〜15:00', '5〜10年未満', '1ヶ月以内', '常勤', '在職中（退職時期確定済み）', 14, 0, '2002', '', 2, 'read', 1, 0, 0, '2014-08-25 16:05:14', '2014-10-28 03:32:02'),
(100014, '201407170002', '神谷悠介', 'かみやゆうすけ', '', '1983-05-22', '', 0, ' ', '09076103167', 'y.kamiya@summer-snow.co.jp', '12:00〜15:00', '5〜10年未満', '2ヶ月以内', '常勤', '在職中（退職時期未定）', 3, 13, '2012', '', 3, 'read', 1, 0, 0, '2014-08-25 16:05:14', '2014-10-28 03:32:08'),
(100015, '201407170003', '神谷悠介', 'かみやゆうすけ', '', '2011-10-12', '', 0, ' ', '09076103167', 'y.kamiya@summer-snow.co.jp', '12:00〜15:00', '10年以上', '1ヶ月以内', '常勤', '在職中（退職時期確定済み）', 20, 30, '1958', '', 3, 'read', 1, 0, 0, '2014-08-25 16:05:14', '2014-10-28 03:31:43'),
(100018, '201410020009', '神谷悠介', 'かみやゆうすけ', '', '1983-05-22', '1500045', 13, '渋谷区神泉町 3-13-102', '09076103167', 'y.kamiya@summer-snow.co.jp', '9:00〜12:00', '1〜3年未満', '3ヶ月以内', '常勤', '在職中（退職時期未定）', 13, 0, '2014', '', 3, 'unread', 1, 0, 0, '2014-10-03 16:47:15', '2014-10-28 03:30:34'),
(100019, '201410020010', '宮崎　彰伸', 'みやざき', '', '1974-08-29', '2250002', 14, '横浜市青葉区美しが丘 1-13-10　吉村ビル', '09065980300', 'aki@broz.jp', '12:00〜15:00', '3〜5年未満', '2ヶ月以内', '常勤', '在職中（退職時期未定）', 14, 0, '2006', '', 3, 'unread', 1, 0, 0, '2014-10-03 16:47:15', '2014-10-28 03:30:41'),
(100021, '201410270013', '有坂朋之', 'ありさかともゆき', '男', '1981-11-26', '3430023', 11, '越谷市東越谷 4-19-4', '090-4022-9524', 'tomo_mj128@yahoo.co.jp', '18:00〜21:00', '5〜10年未満', '6ヶ月以内', '常勤', '在職中（退職時期確定済み）', 11, 0, '2008', '入職日　2015年4月1日\r\n現在年収：400万　→　希望年収：430万\r\n職務経歴①　吉川中央総合病院（総合）3年半\r\n職務経歴②　介護老人保健施設あさがお（老健）3年半(退職時）　　\r\nその他：自宅の越谷市から10キロ程度。バイク通勤希望。\r\n　　　　　 日曜日祝日休みを希望。\r\n強み：今までに急性期・回復期・維持期・訪問と全てを経験しています。', 2, 'read', 0, 0, 2, '2014-10-28 12:25:55', '2015-02-19 12:16:53'),
(100032, '201411090019', '松村邦夫', 'まつむらくにお', '', '1942-09-02', '8740820', 44, '別府市原町 16-27', '0977255163', 'kuak@aql.bbiq.jp', '9:00〜12:00', '1〜3年未満', '3ヶ月以内', '常勤', '離職中', 40, 0, '2002', '', 2, 'read', 1, 0, 0, '2014-11-10 10:14:27', '2014-11-18 07:35:34'),
(100033, '201411140020', '木下　優', 'きのしたゆう', '', '1980-03-07', '1420041', 13, '品川区戸越 ５−４−３−２５', '080-9398-0110', 'ikuze1101@yahoo.co.jp', '9:00〜12:00', '1年未満', '3ヶ月以内', 'こだわらない', '離職中', 13, 0, '2012', '', 2, 'read', 1, 0, 0, '2014-11-14 14:24:48', '2014-12-10 02:05:03'),
(100034, '201411150021', '井本興寛', 'いもとたつひろ', '男', '1987-11-01', '7142112', 33, '井原市芳井町簗瀬 166番地', '090-9415-9958', 'tatsuhiroimoto1101@gmail.com', '18:00〜21:00', '3〜5年未満', '1ヶ月以内', 'こだわらない', '離職中', 27, 28, '2010', '・現在、有給消化中。　5月～勤務可能。\r\n・職歴\r\n脳神経センター　太田記念病院（福山市　http://www.shouwa.or.jp/）勤務　5年目\r\n職歴は、同じ病院で現在、午前中は急性期を見て、午後は訪問リハをしている感じなので①と②にしています。\r\n・現年収　400万　／　　希望年収　400万前後\r\n・現在の休日は土日。\r\n・大阪での勤務希望。現在別の事業を考えており週3～4回／各8時間を希望。', 1, 'read', 0, 0, 1, '2014-11-16 16:46:09', '2015-04-27 06:53:25'),
(100035, '201411160022', '森剛志', 'もりたけし', '', '1981-08-27', '1200005', 13, '足立区綾瀬 ４－１１－３', '08080705977', 'morit55@yahoo.co.jp', '21:00以降', '5〜10年未満', '2ヶ月以内', '常勤', '', 13, 11, '2005', '', 1, 'read', 1, 0, 0, '2014-11-16 16:46:09', '2014-12-10 12:20:12'),
(100036, '201411180021', '山本　拓人', 'やまもとたくと', '', '1994-05-12', '6700056', 28, '姫路市東今宿 3-3-7マリッチ今宿302', '090 7550 7117', 'h1ro7ga17@gmail.com', '9:00〜12:00', '経験無し', '12ヶ月以内', 'こだわらない', '', 1, 0, '2013', '', 2, 'unread', 1, 0, 0, '2014-11-18 16:35:08', '2014-11-18 07:35:22'),
(100037, '201411200014', '辻本範子', 'つじもとのりこ', '女', '1976-06-22', '5192202', 24, '多気郡多気町下出江 365', '09041949173', 'nt7460b.ncp31@ezweb.ne.jp', '12:00〜15:00', '10年以上', '6ヶ月以内', '常勤', '離職中', 24, 0, '1999', '・10月末で前職退職済。就業予定　4月1日希望\r\n※今まで親が子供の面倒を見ていたが親の関係上で子供を3末まで見ないとダメなので非常勤であれば4月まで可能。\r\n・職務経歴\r\n言語聴覚士の資格を1999年に取得をしたが介護士としてディサービス・デイケアを各半年経験。\r\nその後、老人保健施設さくらんぼ（http://www6.ocn.ne.jp/~sakuranb/　、松坂）の責任者と出会い就職。\r\nそこで14年間勤務。\r\n・希望転職エリア　松坂市・多気郡・津市（松坂寄り）\r\n・現年収　530万円　／　希望年収　400万円\r\n・その他希望：土日休み（祝日勤務可能）、車通勤', 3, 'read', 0, 0, 0, '2014-11-20 12:16:08', '2014-11-20 05:15:21'),
(100038, '201411210023', '藤村 美咲', 'ふじむら　みさき', '', '1988-06-16', '0200823', 3, '盛岡市門 1-2-6', '080-5558-6248', 'btyb1m.6.m@ezweb.ne.jp', '18:00〜21:00', '3〜5年未満', '12ヶ月以内', 'こだわらない', '', 3, 0, '2010', '', 1, 'read', 1, 0, 0, '2014-11-22 02:15:52', '2014-11-24 07:28:10'),
(100039, '201411240022', '山岡茉以', 'やまおかまい', '女', '1988-08-09', '7200823', 34, '福山市千代田町 2丁目7-22アルドーレB103', '08019448435', 'happylife1790@gmail.com', '21:00以降', '3〜5年未満', '12ヶ月以内', '常勤', '在職中（退職時期未定）', 34, 34, '2011', '', 2, 'read', 0, 0, 0, '2014-11-24 16:27:55', '2014-11-24 07:32:05'),
(100040, '201411260023', '田中伸帆', 'たなかのぶひろ', '男', '1975-02-22', '5600005', 27, '豊中市西緑丘 3-14-20 アーバンコート西緑丘205', '090-3894-7750', 'nt0309oa@ezweb.ne.jp', '18:00〜21:00', '1〜3年未満', '2ヶ月以内', '常勤', '在職中（退職時期確定済み）', 27, 0, '2012', '', 2, 'read', 0, 0, 1, '2014-11-26 13:02:50', '2014-12-10 04:19:53'),
(100044, '201412010016', '久留米　直子', 'くるめなおこ', '', '1987-12-25', '1770032', 13, '練馬区谷原 6', '080-9398-0110', 'ikuze1101@yahoo.co.jp', '9:00〜12:00', '1年未満', '12ヶ月以内', 'こだわらない', '離職中', 13, 0, '2004', '', 3, 'unread', 1, 0, 0, '2014-12-01 10:31:06', '2014-12-10 02:04:59'),
(100050, '201412030027', '宮崎彰伸', 'みやざきあきのぶ', '', '1974-08-29', '2250002', 14, '横浜市青葉区美しが丘 1-13-10　吉村ビル', '090-6598-0300', 'aki@broz.jp', '18:00?21:00', '3?5年未満', '6ヶ月以内', '常勤', '', 0, 0, '', '', 1, 'read', 1, 0, 0, '2014-12-03 16:07:05', '2014-12-04 01:57:18'),
(100051, '201412040026', '江之口義幸', 'えのくちよしゆき', '男', '1961-09-18', '8900036', 46, '鹿児島市田上台 4-41-13', '09095936125', 'yosi8021415@icloud.com', '18:00〜21:00', '5〜10年未満', '9ヶ月以内', '常勤', '在職中（退職時期未定）', 46, 0, '2005', '【職歴】\r\n平成17年ー平成18年   クオラリハビリテーション病院勤務\r\n平成18年ー平成21年   クオラグループ介護老人保健施設クオリエ\r\n                              通所リハ、訪問看護、入所棟勤務\r\n平成21年                    梅津整形外科医院勤務\r\n平成22年                    通所介護コンフォート草牟田勤務\r\n平成25年                    通所介護コンフォート上荒田勤務\r\n平成25年                    久保内科ディサービス勤務\r\n平成27年                    現在上記施設にて勤務中\r\n【資格】\r\n 平成25年                    介護支援専門員資格取得\r\n\r\n◆希望勤務地　鹿児島市\r\n◆希望年収　　 300万円（現年収も300万円）\r\n◆休日重視\r\n◆転職時期　　　8月\r\n\r\n', 1, 'read', 0, 0, 0, '2014-12-05 19:33:56', '2015-01-05 14:30:40'),
(100059, '201412060027', '徳田', '貴史', '', '1974-06-05', '0284123', 3, '盛岡市玉山区巻堀 2-15-17', '19-0511-5516', 'amplyvczbnekx@hotmail.com', '12:00～15:00', '3～5年未満', '1ヶ月以内', '常勤', '在職中（退職時期未定）', 12, 0, '2002', '', 1, 'unread', 1, 0, 0, '2014-12-07 15:42:03', '2014-12-10 02:04:52'),
(100062, '201412070028', '青子青井', 'あおこ あ', '', '1986-05-04', '9498618', 17, '十日町市中条戊 2-12-17', '07054244841', 'yoregoutdemi@hotmail.com', '12:00～15:00', '5～10年未満', '1ヶ月以内', '非常勤', '在職中（退職時期未定）', 9, 13, '1997', '', 1, 'read', 1, 0, 0, '2014-12-07 15:44:36', '2014-12-10 02:04:45'),
(100136, '201502210036', '永久　晃', 'ながひさあきら', '', '1976-04-27', '7900043', 38, '松山市保免西 2丁目4-35', '090-3839-3870', 'nuru_nuru－m0e_moe－o427@ezweb.ne.jp', '18:00～21:00', '10年以上', '3ヶ月以内', '常勤', '', 38, 0, '2005', '', 1, 'read', 0, 0, 0, '2015-02-23 13:37:57', '2015-02-23 04:38:06'),
(100123, '201412140037', '上西　貞美', 'うえにしさだみ', '女', '1979-04-23', '5840082', 27, '富田林市向陽台 3-3-1-309', '08040048230', 'imadas@i.softbank.jp', '18:00〜21:00', '1〜3年未満', '3ヶ月以内', '非常勤', '在職中（退職時期確定済み）', 27, 0, '2012', '・勤務日数　週2～3回\r\n・勤務時間希望　9：00～17：00（短い分には良い）\r\n・現年収　400万円（常勤）　\r\n・希望時給　3,000円（求人サイトを見ると・・・）　MIN：2,000円\r\n　一応、2,500円～3,000円で探すことが出来れば・・・。\r\n・アポ禁止　吉川病院　http://www.yoshikawabyouin.com/\r\n　朝：病院、昼：デイケアセンター　で勤務をしていたのでデイケアを今回は希望をしております。\r\n・通勤　電車片道1時間以内\r\n・面談　複数候補で平日午後を希望\r\n\r\n', 1, 'read', 0, 0, 0, '2014-12-15 10:01:16', '2014-12-15 09:47:23'),
(100124, '201412120026', '晃子秋重', 'あきこあきしげ', '', '1987-06-09', '7340006', 34, '広島市南区西翠町 1-14-1', '09054255142', 'abneyenaaa@hotmail.com', '12:00～15:00', '3～5年未満', '2ヶ月以内', '常勤', '在職中（退職時期未定）', 9, 0, '2010', '', 2, 'read', 1, 0, 0, '2014-12-15 10:01:16', '2014-12-15 10:03:31'),
(100125, '201412280038', '小笠原　雅子', 'おがさわらまさこ', '女', '1976-05-19', '1010046', 13, '千代田区神田多町 2-6-2　グランド・ガーラ神田709', '080-5687-0260', 'deadrock_nevada@r7.dion.ne.jp', '18:00〜21:00', '10年以上', '6ヶ月以内', '常勤', '在職中（退職時期未定）', 13, 12, '2001', '◆職歴　詳細\r\n整形外科クリニック／2年　　函館市　今整形外科病院\r\n老健（非常勤）／10ヶ月　   横浜市（新横浜駅）　老健施設カメリア　\r\n整形外科クリニック／8年　　横浜市（東神奈川駅）　　石井整形外科\r\n※非常勤で9年間　横浜市スポーツ医科学センター勤務もあり。\r\n整形外科クリニック／2年半　　横浜市（戸塚駅）　とつか西口整形外科\r\n\r\n◆現在の年収／転職後の希望年収\r\n現在の年収 450万（固定・手当込）、500万円（残業込）\r\n転職後の希望年収 420万以上（固定）\r\n\r\n◆現状、急いで探しているわけではなく、条件に合うところがあれば、と考えています。\r\n【条件の優先順位】\r\n・社会保険完備（充実しているところ尚可）\r\n・給与面\r\n・休日（平日1日・日希望）　週6出勤：半休週2回はできれば避けたい。\r\n・リハビリテーション科は少な目の人数を希望\r\n\r\n◆希望事業所・勤務場所\r\n整形外科クリニック（訪問リハ、デイサービス以外）\r\n整形外科(単科)病院\r\n勤務場所は神奈川県は避けたい。\r\n理由は、他県と比べても報酬規程が厳しく目標数字するには他県よりも人数をこなさないとダメな環境。\r\n東京・千葉・埼玉県内で通勤45分以内なら可能です。', 1, 'read', 0, 0, 0, '2014-12-30 18:02:56', '2015-01-05 11:02:43'),
(100126, '201412270030', '上田敦史', 'うえだあつし', '男', '1988-08-25', '8951804', 46, '薩摩郡さつま町船木 2373パティオスK2Y1番館201号', '090-9571-5991', 'a-u8.25@i.softbank.jp', '18:00〜21:00', '3〜5年未満', '3ヶ月以内', '常勤', '在職中（退職時期確定済み）', 43, 0, '2011', '◇職務経歴\r\n・クオラリハビリテーション病院　http://www.qoler.jp/QRH/QRH_gaiyou.html\r\n◇現年収　300万円　→　希望年収　300万円前後\r\n◇希望勤務場所　　熊本市\r\n◇希望事業所　　　 回復期・外来　整形外科病院／リハビリテーション病院\r\n◇希望転職開始日　　4月1日～\r\n◇転職時の決めて　１．職場　２．場所　３．雰囲気\r\n◇面接について　　　休日不定期の為調整必要。\r\n', 1, 'read', 0, 0, 4, '2014-12-30 18:02:56', '2015-01-21 11:24:22'),
(100127, '201501010018', '関根瑞桃', 'せきねみなも', '女', '1988-03-04', '2220022', 14, '横浜市港北区篠原東 3-14-2', '09014350308', 'blanche-minamo@k8.dion.ne.jp', '18:00〜21:00', '1年未満', '6ヶ月以内', '常勤', '在職中（退職時期未定）', 14, 13, '2014', '勤務先　ふれあい戸塚ホスピタル\r\n2016年か2017年4月の転職希望。\r\nただ、情報登録して情報交換をしたかった感じです。', 3, 'read', 0, 0, 1, '2015-01-05 13:36:38', '2015-01-05 11:12:23'),
(100128, '201501060039', '小田　友樹', 'おだゆうき', '男', '1987-02-26', '5770062', 27, '東大阪市森河内東 2-11-36-106', '08038253182', 'piyota1222@yahoo.co.jp', '18:00〜21:00', '5〜10年未満', '3ヶ月以内', '常勤', '', 27, 0, '2010', '◇職歴\r\n・ハートフルグループ（http://www.heartfull.or.jp/）　勤務5年\r\n加納総合病院　脳外科・回復期　1年\r\n北大阪病院　　 回復期・外来・急性期　　4年\r\n◇現年収　380万～390万　希望年収　450万　＋　インセンティブ　で500万～600万可能性があるところ。\r\n◇優先する順位\r\n１、給与面（インセンティブ入れて手取り最低25万以上のところ）\r\n２、休日の時に別のバイトOKなら尚可\r\n◇今年4月で6年目。3/20退職予定。\r\n', 1, 'read', 0, 0, 3, '2015-01-07 19:14:34', '2015-03-03 04:11:32'),
(100129, '201501060025', 'てすと', 'てすと', '', '2009-05-05', '2160022', 14, '川崎市宮前区平 1-1-1', '090', 'bluebeat@circus.ocn.ne.jp', '12:00～15:00', '5～10年未満', '3ヶ月以内', '非常勤', '', 0, 0, '', '', 1, 'unread', 1, 0, 0, '2015-01-07 19:14:34', '2015-01-07 10:16:44'),
(100130, '201501080031', '吉田健太郎', 'よしだけんたろう', '男', '1982-08-04', '1520031', 13, '目黒区中根 １－１０－１４', '08080656304', 'ysd408@excite.co.jp', '18:00〜21:00', '5〜10年未満', '2ヶ月以内', '常勤', '在職中（退職時期確定済み）', 13, 0, '2006', '', 1, 'read', 0, 0, 0, '2015-01-08 19:36:32', '2015-01-08 10:49:16'),
(100139, '201503050028', '時田　学', 'ときたまな', '', '1990-03-06', '1730036', 13, '板橋区向原 1', '09046173169', 'ofg2016@gmail.com', '9:00～12:00', '1年未満', '1ヶ月以内', '常勤', '離職中', 12, 14, '2010', '', 2, 'read', 0, 0, 1, '2015-03-05 14:37:44', '2015-03-05 05:45:58'),
(100131, '201501110032', '清水恵', 'しみずめぐみ', '', '1986-03-06', '1160001', 13, '荒川区町屋 ８－８－１３', '09016190865', 'shim191@yahoo.co.jp', '18:00～21:00', '3～5年未満', '2ヶ月以内', '常勤', '', 13, 11, '2010', '', 1, 'read', 0, 0, 0, '2015-01-13 20:22:23', '2015-01-13 11:22:33'),
(100132, '201501140040', '萩尾　昌仁', 'はぎお　まさひと', '男', '1982-01-07', '8000236', 40, '北九州市小倉南区下貫 一丁目18-19', '090-3321-7520', 'massatto0107@yahoo.co.jp', '18:00〜21:00', '1〜3年未満', '2ヶ月以内', '常勤', '在職中（退職時期未定）', 27, 0, '2013', '◇職務経歴　　中島整形外科（北九州：急性期以外全て対応）　2年\r\n◇希望勤務地　大阪を希望。\r\n但し、実父の体調が悪く日帰りで帰れる新大阪駅に近い近辺で探している。\r\n◇現在年収　330万　　希望年収350万\r\n◇転職希望月　4月\r\n◇その他　現在の勤務先が水曜日休み（それ以外は土日半休ずつ）なので面接は水曜日にしてほしい。\r\n◇転職優先順位　１、勤務地　２、年収　３、先輩・・・聞ける人がいればいい！', 1, 'read', 0, 0, 1, '2015-01-14 19:57:23', '2015-02-25 09:07:46'),
(100133, '201501170033', '大沢　要', 'おおさわ', '', '1971-01-17', '1420041', 13, '品川区戸越 ５', '09093980110', 'ofg2016@yahoo.co.jp', '9:00～12:00', '経験無し', '6ヶ月以内', 'こだわらない', '離職中', 12, 0, '2014', '', 1, 'read', 0, 0, 1, '2015-01-19 10:57:44', '2015-01-19 11:24:35'),
(100134, '201501200034', '横川太我', 'よこがわたいが', '男', '1989-09-13', '7920844', 38, '新居浜市角野新田町 1-3-32', '09057183778', 'taigaykgw@yahoo.co.jp', '18:00〜21:00', '1〜3年未満', '6ヶ月以内', '常勤', '在職中（退職時期未定）', 38, 0, '2012', '◇現勤務先　井上整形外科（四国中央市：3月で丸3年経過）\r\n◇希望勤務場所　新居浜市・西条市　マイカー通勤希望\r\n◇現年収　350万　　希望年収　300万以上は必須\r\n◇休日　　日祝日は確実、現状半休2回なので週休2回にしたい。\r\n◇転職で大事にすること：リハの体制が充実していること（休憩時間中に指導してくれるなど）', 1, 'read', 0, 0, 3, '2015-01-21 13:49:49', '2015-03-02 09:28:49'),
(100135, '201501210035', '林直美', 'はやしなおみ', '', '1983-06-07', '1060047', 13, '港区南麻布 ５－５－１４－２階', '09086415989', 'hys7733@yahoo.co.jp', '18:00～21:00', '5～10年未満', '2ヶ月以内', '常勤', '在職中（退職時期確定済み）', 13, 0, '2008', '', 1, 'read', 0, 0, 1, '2015-01-21 20:14:13', '2015-01-21 11:22:52'),
(100137, '201502230026', '佐藤大輔', 'さとうだいすけ', '男', '1983-01-23', '1830034', 13, '府中市住吉町 2-8-40', '08053731906', 'reon19830123@gmai.com', '18:00〜21:00', '1年未満', '1ヶ月以内', '常勤', '離職中', 13, 14, '2014', '世田谷記念病院　\r\n前職　月給３１万円／賞与２回（４か月）　４２０万円\r\n希望年収　４００万ぐらい\r\n（退職理由）\r\n残業含めて業務以外の仕事をする環境があった。\r\n\r\n転職先\r\n1、福利厚生がしっかりしている。\r\n２、勤務地が近い。\r\n３、学べる環境があったりする。', 1, 'read', 0, 0, 1, '2015-02-24 20:34:11', '2015-03-16 11:11:52'),
(100138, '201502270027', '松村邦夫', 'まつむらくにお', '', '1949-09-02', '8740820', 44, '別府市原町 １６－２７', '０９０６５４３２１４３', 'kuakema@helen.ocn.ne.jp', '12:00～15:00', '1～3年未満', '3ヶ月以内', 'こだわらない', '', 13, 0, '2000', '', 2, 'read', 0, 0, 1, '2015-02-28 20:16:59', '2015-03-05 05:46:03'),
(100140, '201503070027', '宮崎　彰伸', 'みやざあきのぶ', '', '1970-01-01', '', 14, ' ', '090-6598-0300', 'aki@broz.jp', '18:00～21:00', '', '2ヶ月以内', '', '', 0, 0, '', '', 1, 'read', 1, 0, 0, '2015-03-07 17:44:11', '2015-03-07 08:45:33'),
(100141, '201503100037', '井上将斗', 'いのうえひろと', '男', '1990-11-01', '4880031', 23, '尾張旭市晴丘町東 211番地', '08048647184', 'n_v.19_3dai.b_lon-er@softbank.ne.jp', '12:00〜15:00', '1〜3年未満', '1ヶ月以内', 'こだわらない', '在職中（退職時期確定済み）', 23, 0, '2012', '・千種区　加藤病院　http://www.katohp.jp/\r\n回復期：3年、外来：1年、デイケア：1年　経験。\r\n・現年収　400万、希望年収　400万前後（非常勤でも可能なので左記ではない）\r\n・休日　土日希望であるが、今は地域ケアに興味あるので休みよりスキルアップ。\r\n\r\n現状は、地域包括ケアシステムに興味があり在院中にも病院の後の患者さんの状態を知りたいと思い転職を希望。\r\n自宅や環境に合わせたリハが出来スキルアップ出来る環境があれば尚可。', 1, 'read', 0, 0, 2, '2015-03-10 11:30:01', '2015-03-30 08:33:07'),
(100142, '201503100038', '徳川要子', 'ようこ', '', '1976-03-10', '1700004', 13, '豊島区北大塚 1', '09046173169', 'otona0310@gmail.com', '18:00～21:00', '1年未満', '6ヶ月以内', 'こだわらない', '離職中', 13, 0, '2001', '', 1, 'read', 0, 0, 1, '2015-03-10 17:50:49', '2015-04-07 04:52:38'),
(100143, '201503120029', '原 知規', '', '男', '1984-06-13', '3590046', 11, '所沢市北所沢町 2219-3パテラ新所沢103', '08031975035', 'genchiki-happy-21@i.softbank.jp', '18:00〜21:00', '5〜10年未満', '2ヶ月以内', '非常勤', '在職中（退職時期確定済み）', 13, 11, '2007', '医療生協さいたま　（　http://www.mcp-saitama.or.jp/　）　7年勤務\r\n現年収　450万円弱。\r\n今回は別にやりたいことがあるので非常勤で週3回～4回希望。\r\n（木・日を休み希望）\r\n西武新宿線・池袋線を希望。', 2, 'read', 0, 0, 2, '2015-03-12 14:11:35', '2015-03-30 03:50:19'),
(100144, '201503150030', '郡司　唯', 'グンジ　ユ', '', '1990-05-04', '08052931576', 34, '廿日市市大野&nbsp;&nbsp;4-13-4 市大野&nbsp;&nbsp;4-13-4', '08052931576', 'asgczf@yahoo.co.jp', '12:00～15:00', '1～3年未満', '6ヶ月以内', '', '在職中（退職時期未定）', 34, 0, '2014', '', 2, 'read', 0, 0, 1, '2015-03-16 20:10:59', '2015-04-07 04:52:47'),
(100145, '201503190031', '奈良　利伸', 'ナラ　トシノ', '', '1987-07-09', '2950025', 12, '南房総市千倉町千田 4-1-8', '09051526378', 'aujgciz@yahoo.co.jp', '12:00～15:00', '1～3年未満', '2ヶ月以内', '常勤', '在職中（退職時期確定済み）', 12, 0, '2005', '', 2, 'read', 0, 0, 1, '2015-03-19 21:30:55', '2015-04-07 04:52:52'),
(100146, '201504060032', '鈴木 真衣', 'すずき　まい', '女', '1984-12-11', '4260071', 22, '藤枝市志太 2-21-43-2', '09018254089', 'sunny.1211@i.softbank.jp', '12:00〜15:00', '3〜5年未満', '6ヶ月以内', 'こだわらない', '離職中', 22, 0, '2008', '＝＝＝\r\n現在（H27年4月現在）、1歳9ヶ月の子供アリ。\r\n保育園の準備などはしている。（7月～前倒しOK）\r\n時間（育児）を重きにおいた勤務を希望。\r\nゆくゆくは常勤になりたい希望をもっている。\r\n理想は、週5回9：00ごろ～16：00までの勤務を希望。（時短勤務希望）\r\n＝＝＝\r\n・希望勤務地　藤枝市・焼津市・島田市\r\n・職歴　\r\n１．鶴巻温泉病院　2ヶ月（自信がなかった）\r\n２．ケアフォームしあわせ　4年ほど（2008年～2012年）\r\nhttp://www.siawase-k.com/wp/ssts_carehome　）　\r\n・元年収350万　／　希望年収　300万前後\r\n', 2, 'read', 0, 0, 1, '2015-04-07 13:37:54', '2015-04-08 09:20:25'),
(100147, '201504030019', '森井亜悠美', 'もりいあゆみ', '', '1991-04-07', '6900859', 32, '松江市国屋町 227-7', '080-2915-3706', 'ayu.snow1207@docomo.ne.jp', '18:00～21:00', '1～3年未満', '6ヶ月以内', '常勤', '在職中（退職時期未定）', 32, 34, '2014', '', 3, 'unread', 1, 0, 0, '2015-04-07 13:37:55', '2015-04-07 04:38:30'),
(100148, '201504070020', '森井亜悠美', 'もりいあゆみ', '女', '1991-04-07', '6900859', 32, '松江市国屋町 227-7', '080-2915-3706', 'ayu.snow1207@docomo.ne.jp', '18:00〜21:00', '1〜3年未満', '6ヶ月以内', '常勤', '在職中（退職時期未定）', 32, 34, '2014', '■博愛病院（米子市）　勤務2年目\r\nhttp://www.hakuai-hp.jp/\r\n■現年収　300万円\r\n■希望年収　350万円以上\r\n■基本的に、松江／出雲で探しているが広島／岡山、関西圏でも検討の余地アリ。\r\nその代わり、寮があるところを希望。\r\n※大学が姫路独協大学なので関西圏もOK。（出来れば、中国圏希望）\r\n■転職理由\r\n新卒入社時よりST少なく現場研修なく即現場。\r\n現場実地経験は豊富につめた（メリット）が、もう少し充実した研修や余裕を持った仕事をしたい。\r\n今もギリギリの人数で患者さんを見ている。\r\nあと、島根県松江から鳥取県米子への通勤が1時間以上（雪の日もあり大変だった）\r\n\r\n\r\n', 3, 'read', 0, 0, 2, '2015-04-07 13:37:55', '2015-04-17 04:23:14'),
(100149, '201504080039', '山本久美子', 'やまもとくみこ', '', '1984-06-18', '3320001', 11, '川口市朝日 5-5-23', '08080752118', 'ymm380@yahoo.co.jp', '18:00～21:00', '1～3年未満', '2ヶ月以内', '常勤', '', 13, 0, '2012', '', 1, 'read', 0, 0, 0, '2015-04-08 09:48:45', '2015-04-08 01:57:36'),
(100150, '201504100033', '河野未希', 'かわのみき', '女', '1990-01-26', '6711152', 28, '姫路市広畑区小松町2丁目15‐2番地 ロッキーコート広畑503', '090-6835-7029', 'marionnette-syndrome.1013-vin@ezweb.ne.jp', '18:00〜21:00', '1〜3年未満', '6ヶ月以内', '常勤', '在職中（退職時期未定）', 28, 0, '2013', '■職歴　\r\n・石橋内科　広畑センチュリー病院（http://www.1484naika.jp/）　15ヶ月\r\n・広島の精神科病院　半年\r\n■現年収　240万前後　／　希望年収　350万円以上（常勤希望）\r\n■転職理由\r\n現在、非常勤で労働環境の悪い病院で働いていて1年に常勤にするといわれたものの未だに非常勤（賞与なし）でフル出勤。\r\n結構、リスク管理の高い患者さんを診ており未経験者なので不安が大きい。\r\nそれに伴って、自分自身のコミュニケーション能力や対人関係などに不安を持っている様子です。\r\n出来れば、残業少なく・日祝日が休みのあるところで、もう少し余裕を持った勤務をしたいと思っている。\r\n\r\n', 2, 'read', 0, 0, 2, '2015-04-10 18:30:10', '2015-04-20 12:23:04'),
(100156, '201504260045', '大野美奈', 'おおのみな', '', '1983-01-28', '1640011', 13, '中野区中央 ３－７－４', '08081252226', 'oono2018@yahoo.co.jp', '18:00～21:00', '5～10年未満', '1ヶ月以内', '常勤', '離職中', 13, 0, '2008', '', 1, 'read', 0, 0, 1, '2015-04-27 15:45:32', '2015-05-15 10:13:51'),
(100151, '201504110040', '額谷有希', 'ぬかやゆうき', '男', '1990-08-09', '2220037', 14, '横浜市港北区大倉山6丁目 25-2 ハイツライコー202', '080-1250-6979', 'yes.ethnic@gmail.com', '18:00〜21:00', '1〜3年未満', '6ヶ月以内', '常勤', '在職中（退職時期未定）', 14, 15, '2013', '■職歴　新横浜リハビリテーション病院（http://www.syr-h.com/index.html）　3年目\r\n現状年収　300万ぐらい。　手取り20万切る。ボーナス　年2回3.6ヶ月。\r\nあと1年ぐらいして転職をしようかな！？と思っている。', 1, 'read', 0, 0, 1, '2015-04-11 19:59:45', '2015-04-13 14:16:30'),
(100152, '201504120041', '木村直隆', 'きむらなおたか', '男', '1976-10-27', '8112112', 40, '糟屋郡須惠町植木 1265-50エクセランB202', '080-6304-6904', 'xl120004@yahoo.co.jp', '18:00〜21:00', '5〜10年未満', '6ヶ月以内', '常勤', '在職中（退職時期確定済み）', 40, 35, '2008', '■職歴\r\n福岡医療団ネットワーク（たたらリハビリテーション病院と千鳥橋病院　2病院を経験）\r\nたたらリハビリテーション病院　回復期　18ヶ月\r\n千鳥橋病院　急性期　21ヶ月\r\nたたらリハビリテーション病院　デイケア／訪問リハ（曜日によって違う）　5年目\r\n理学療法士になる前は、2級建築士の専門学校を行って建築設計事務所勤務。\r\nその後、実家の土木建築業を手伝い、骨折をしたことがきっかけで医療に道に進む。\r\n■7月末退職予定\r\n■現年収　420万　／希望年収　400万円以上　（家族アリ：嫁と今年誕生予定の子供）\r\n■希望勤務地／事業所\r\n福岡市内で訪問看護ステーションを希望。\r\n\r\n', 1, 'read', 0, 0, 0, '2015-04-12 14:55:52', '2015-04-30 16:48:37'),
(100153, '201504140042', '金谷　武', 'かなたにたけし', '男', '1984-02-08', '7210907', 34, '福山市春日町 5-8-6-1003', '080-6140-7127', 'isojingel@hotmail.co.jp', '18:00〜21:00', '5〜10年未満', '6ヶ月以内', '非常勤', '在職中（退職時期確定済み）', 34, 27, '2007', '■退職予定　7月末or8月末\r\n■職歴\r\n・松下記念病院（大阪：急性期）　2007年～2010年\r\n・彩都リハビリテーション病院（大阪：回復期）2010年～2013年5月\r\n・福山リハビリテーション病院（広島：回復期）2013年～現在\r\n彩都リハと福山リハも系列病院で異動です。\r\n■現年収　400万円～450万円　／希望年収　非常勤勤務希望なので相応。\r\n■週4回勤務希望、福山でマンションも買っているので福山／尾道エリアでの勤務希望。\r\n将来的には訪問リハ等での独立も希望しており、今回はその準備での転職を希望をしている。\r\n　', 1, 'read', 0, 0, 0, '2015-04-16 13:27:57', '2015-04-17 01:59:26'),
(100154, '201504150043', '吉田真麻', 'よしだまあさ', '女', '1983-05-28', '8992103', 46, 'いちき串木野市大里 ５５４１－１', '090-7015-9963', 'maasa528@yahoo.co.jp', '18:00〜21:00', '10年以上', '6ヶ月以内', '常勤', '在職中（退職時期確定済み）', 13, 0, '2005', '■職歴　\r\n平成１７年３月～　南洲整形外科病院　http://www.nanshu-seikei.com/\r\n■現年収　420万円　／　希望年収　420万円以上　\r\n■希望の事業体\r\n今後は施設での勤務希望(老健・有料等の希望は特にありません)\r\n■転職予定日\r\n7月末にて退職が決定済なので8月には転職可能（面談は7月半ばに引越し予定なのでその後の予定）\r\n■希望エリア\r\n現在は渋谷区に住む予定（現状は幡ヶ谷近辺）なので、そこから公共交通機関を使って勤務可能な場所が希望。\r\n■その他\r\n土日祝日が休みを希望。', 1, 'read', 0, 0, 2, '2015-04-16 13:27:57', '2015-05-15 10:33:54'),
(100155, '201504190044', '木下 幸', 'きのした みゆき', '女', '1982-08-28', '5230061', 25, '近江八幡市江頭町 1000-19', '09085758028', 'miyuchan8888@gmail.com', '18:00〜21:00', '5〜10年未満', '6ヶ月以内', '常勤', '在職中（退職時期未定）', 25, 0, '2006', '■職歴\r\n近江草津徳洲会病院（URL：http://www.oumi-kusatsu-hp.jp/）\r\n■転職理由\r\n・現状、双子（3歳）の子どもがいて保育園行っており送り迎えからすると南草津でも遠い。\r\n・OTが全体責任者だけどPTの部門責任者になっていて、今の子どもがいる状況で厳しい感覚を持っている。\r\n・遠い将来的に訪問リハで独立をしたいと思っており訪問リハに興味を持っている。（次の訪問リハの会社は長く働きたいと思っている）\r\n■年収\r\n現年収：400万／希望年収：400万以上\r\n■転職希望先\r\n・近江八幡市／守山市\r\n■その他\r\n・現在の職場が引継ぎ考えると来年の3月になる可能性がある。\r\n但し、希望の職場が見つかれば上記考えが変わる可能性がある。\r\n小さい会社で一緒に成長出来る環境があれば尚可。\r\n・現在の子どもが小学校1年生ぐらいに3人目の子どもを出産したいと思っているので、育休や産休が出来る制度がある会社を希望。\r\n※責任感があるので、ちゃんとした産休に入っても引継ぎをする。\r\n\r\n', 1, 'read', 0, 0, 0, '2015-04-20 21:20:22', '2015-04-20 13:04:38'),
(100157, '201504260034', '木村 友紀', '', '', '1989-04-18', '5600002', 27, '豊中市緑丘 1-21-27', '06-6858-6668', 'kimurakolgy@yahoo.co.jp', '18:00～21:00', '1〜3年未満', '6ヶ月以内', '常勤', '在職中（退職時期確定済み）', 27, 13, '2013', '', 2, 'read', 0, 0, 3, '2015-04-27 15:45:32', '2015-05-16 06:50:02'),
(100158, '201505020035', '宮崎彰伸', 'みやざきあきのぶ', '', '1974-08-29', '2250002', 14, '横浜市青葉区美しが丘 1-13-10　吉村ビル', '090-6598-0300', 'aki@broz.jp', '15:00～18:00', '3～5年未満', '3ヶ月以内', '常勤', '在職中（退職時期確定済み）', 14, 12, '2008', '', 2, 'read', 1, 0, 0, '2015-05-02 00:16:46', '2015-05-01 15:17:33'),
(100159, '201505090036', '久光雄介', 'ひさみつゆうすけ', '男', '1980-11-20', '8000361', 40, '京都郡苅田町神田町2丁目 31-14ディアスJINDEN20-202号', '09082893042', 'yupon666@gmail.com', '18:00〜21:00', '5〜10年未満', '6ヶ月以内', '常勤', '在職中（退職時期未定）', 40, 0, '2009', '', 2, 'read', 0, 0, 1, '2015-05-11 19:10:00', '2015-05-15 10:14:07'),
(100160, '201505140046', '出本 陽', 'いずもと あきら', '男', '1981-02-27', '2250002', 14, '横浜市青葉区美しが丘 1-19-1&#x2c;たまプラーザ団地4-3-403', '09041763019', 'izmt-akira...0227@docomo.ne.jp', '18:00〜21:00', '10年以上', '6ヶ月以内', '常勤', '在職中（退職時期未定）', 14, 0, '2004', '■職歴　横浜旭中央総合病院（http://www.ims-yokohama-asahi.jp/）\r\n■現役職　係長　（PT室　40人のマネジメント経験有り）\r\n■現年収　480万円　／　希望年収　480万前後\r\n■転職をする際に重要にしていること。\r\n①地域（青葉区／宮前区／都筑区）、②勤務体系（土日・祝日休み）、③年収\r\n', 1, 'read', 0, 0, 1, '2015-05-14 17:25:35', '2015-05-19 08:58:18'),
(100161, '201505160037', '磯部幸一', 'いそべこういち', '', '1983-08-15', '1830014', 13, '府中市是政 1-21-8 ウィステリア201', '09016993321', 'the_doraemon_s@me.com', '18:00～21:00', '5～10年未満', '6ヶ月以内', '常勤', '在職中（退職時期未定）', 12, 8, '2008', '', 2, 'read', 0, 0, 1, '2015-05-16 15:18:07', '2015-05-19 09:56:13'),
(100162, '201505170047', '加藤麻友', 'かとうまゆ', '', '1986-10-07', '1100003', 13, '台東区根岸 ５－９－２２', '08080710666', 'kto288@zoho.com', '18:00～21:00', '1～3年未満', '2ヶ月以内', '常勤', '在職中（退職時期確定済み）', 13, 11, '2010', '', 1, 'read', 0, 0, 1, '2015-05-18 01:25:45', '2015-05-26 15:11:26'),
(100163, '201505170021', '伊藤実', 'いとうみのる', '', '1985-11-10', '1350004', 13, '江東区森下 ４－９－４', '07028226091', 'itoh593@yahoo.co.jp', '18:00～21:00', '3～5年未満', '2ヶ月以内', '常勤', '', 13, 0, '2010', '', 3, 'read', 0, 0, 1, '2015-05-18 01:25:45', '2015-05-26 15:11:11'),
(100164, '201505230048', '鈴木希', 'すずきのぞみ', '', '1984-11-07', '1110056', 13, '台東区小島 １－１２－７', '08022052982', 'suz474@yahoo.co.jp', '18:00～21:00', '3～5年未満', '2ヶ月以内', '常勤', '', 13, 0, '2010', '', 1, 'read', 0, 0, 1, '2015-05-25 18:40:06', '2015-05-26 15:11:43'),
(100165, '201505230049', '田中綾子', 'たなかあやこ', '', '1985-07-14', '1790082', 13, '練馬区錦 １－８－８', '07028022635', 'tanaka194@excite.co.jp', '18:00～21:00', '3～5年未満', '2ヶ月以内', '常勤', '', 13, 11, '2010', '', 1, 'read', 0, 0, 1, '2015-05-25 18:40:06', '2015-05-26 15:11:37'),
(100166, '201505210022', '小林悦子', 'こばやしえつこ', '', '1985-04-30', '1050011', 13, '港区芝公園 １－２－１７－５階', '08080866982', 'kobay8@yahoo.co.jp', '18:00～21:00', '3～5年未満', '2ヶ月以内', '常勤', '', 13, 0, '2011', '', 3, 'read', 0, 0, 1, '2015-05-25 18:40:06', '2015-05-26 15:11:31'),
(100167, '201505280038', '金山満枝', 'かなや みつえ', '', '1969-10-24', '4328018', 22, '浜松市中区蜆塚2丁目 17-24-5-201', '09041493399', 'manji.lee.24@gmail.com', '18:00～21:00', '1～3年未満', '6ヶ月以内', '常勤', '在職中（退職時期未定）', 22, 0, '2014', '', 2, 'read', 0, 0, 1, '2015-05-30 13:09:33', '2015-06-02 11:05:43'),
(100168, '201506020023', '吉田美穂', 'よしだみほ', '', '1985-12-07', '1300013', 13, '墨田区錦糸 １－１３－１－４F', '08081308642', 'yosd33@excite.co.jp', '18:00～21:00', '3～5年未満', '2ヶ月以内', '常勤', '', 13, 0, '2010', '', 3, 'read', 0, 0, 1, '2015-06-02 20:05:29', '2015-06-20 09:38:05'),
(100169, '201506050039', '佐々木幸子', 'ささきさちこ', '', '1986-10-29', '1750002', 13, '豊島区巣鴨 ４－７－２', '08021709329', 'sski123@zoho.com', '18:00～21:00', '3～5年未満', '2ヶ月以内', '常勤', '在職中（退職時期確定済み）', 13, 0, '2011', '', 2, 'read', 0, 0, 1, '2015-06-07 18:28:33', '2015-06-20 09:38:32'),
(100170, '201506070024', '坂東　章吾', 'ばんどうしょうご', '', '1974-09-13', '1930944', 13, '八王子市館町 618-10', '090-1267-5238', 'sb4974.319@ezweb.ne.jp', '18:00～21:00', '1～3年未満', '6ヶ月以内', '常勤', '在職中（退職時期未定）', 13, 14, '2013', '', 3, 'read', 0, 0, 0, '2015-06-07 18:28:33', '2015-06-07 11:17:20'),
(100171, '201506100040', '三浦　研一', 'みうら 　 けんいち', '', '1984-09-13', '2701328', 12, '印西市木下南 1-19', '09075607819', 'kenichi8536@k5.dion.ne.jp', '15:00～18:00', '1～3年未満', '3ヶ月以内', '常勤', '在職中（退職時期確定済み）', 12, 0, '2010', '', 2, 'read', 0, 0, 1, '2015-06-11 14:12:38', '2015-06-20 09:35:48'),
(100172, '201506180050', '青木美香', 'あおきみか', '', '1985-07-01', '1560041', 13, '世田谷区大原 1-1-4-2F', '08021761066', 'aok403@yahoo.co.jp', '18:00～21:00', '3～5年未満', '2ヶ月以内', '常勤', '在職中（退職時期確定済み）', 13, 11, '2009', '', 1, 'read', 0, 0, 1, '2015-06-20 18:31:17', '2015-06-20 09:36:12'),
(100173, '201506190051', '狩野 良太', 'かのう りょうた', '男', '1984-10-25', '5998242', 27, '堺市中区陶器北 20-10', '08040202470', 'aoba21aino@yahoo.co.jp', '18:00〜21:00', '5〜10年未満', '6ヶ月以内', 'こだわらない', '在職中（退職時期未定）', 27, 29, '2005', '■年度末に転職予定。\r\n■職歴\r\n・青葉丘病院（狭山市：勤務5年）http://www.koshokai.or.jp/aobaoka/\r\n・老健施設　ラ・メール（堺市：勤続5年）http://www.otorifukushikai.or.jp/contents/group_3.html\r\n・シャローム訪問看護ステーション（堺市：非常勤）http://www.kaigo-shalom.co.jp/shv/\r\n・高齢者向け教室（奈良市）／審査会など\r\n■年収\r\n現年収500万（教室／審査会含む、施設年収450万ぐらい）／希望年収450万円\r\n今の職場の休日が、土日休みの金曜日半休なので上記年収が維持出来る。\r\n', 1, 'read', 0, 0, 0, '2015-06-20 18:31:17', '2015-06-25 11:10:43'),
(100174, '201506180041', '片岡由美子', 'かたおかゆみこ', '女', '1988-10-25', '1030014', 13, '中央区日本橋蛎殻町 1-34-13-405', '080-4628-5961', 'allhappy.0u0.1025@i.softbank.jp', '18:00〜21:00', '3〜5年未満', '6ヶ月以内', '常勤', '在職中（退職時期未定）', 13, 0, '2007', '■現状、事務職（1年2ヶ月）に就いていてOTから離れている。\r\nその前はリンパマッサージ店を共同経営を1年してました。（2年以上のブランク有）\r\n■作業療法士職歴\r\n・みやびの里（埼玉の老健施設：3年）http://miyabinosato.org/\r\n・アットリハ（川崎の訪問看護リハビリステーション：1年以内）\r\n■転職時の希望\r\n・希望年収　400万円～450万　／土日祝日休み', 2, 'read', 0, 0, 0, '2015-06-20 18:31:17', '2015-06-25 11:11:44'),
(100175, '201506120025', '井上里香', 'いのうえりか', '', '1983-09-09', '1200034', 13, '足立区千住 ５－４－７', '07028027652', 'ino194@zoho.com', '18:00～21:00', '3～5年未満', '1ヶ月以内', '常勤', '', 13, 11, '2009', '', 3, 'read', 0, 0, 1, '2015-06-20 18:31:17', '2015-06-20 09:32:03'),
(100176, '201506210052', '戸泉龍人', 'といずみたつと', '男', '1993-03-09', '8615251', 43, '熊本市南区今町 484番地', '08039853090', 't.tpingpong@ezweb.ne.jp', '18:00〜21:00', '1年未満', '6ヶ月以内', '常勤', '在職中（退職時期未定）', 43, 43, '2014', '・転職を考えている訳ではない。\r\n・希望は年収のベースアップ　現在350万円。\r\n\r\n一応、今のところ給料いいからやめないで！と言った。', 1, 'read', 0, 0, 0, '2015-06-22 19:10:18', '2015-06-25 11:13:25'),
(100177, '201506230053', '朝賀成美', 'あさがなるみ', '女', '1991-05-09', '2450003', 14, '横浜市泉区岡津町 2256　レモンバームJ号室', '08054867264', 'quad_12@ezweb.ne.jp', '18:00〜21:00', '1〜3年未満', '6ヶ月以内', '非常勤', '在職中（退職時期未定）', 14, 0, '2013', '■職歴\r\n・新戸塚病院（勤務3年目）\r\n■年収\r\n・現年収350万／希望年収350万以上\r\n■その他\r\n・12月一杯で退職予定で1月～3月非常勤にて4月から常勤希望。\r\n・2年後にケアマネ資格を取得希望にて在宅介護分野に転職を希望しています。', 1, 'read', 0, 0, 0, '2015-06-25 19:56:50', '2015-06-25 11:36:14'),
(100178, '201506250054', '橋本 直樹', 'はしもと なおき', '男', '1991-10-28', '8120017', 40, '福岡市博多区美野島2丁目 20-12 ピュアドーム博多アソシア608号室', '08091446816', 'and1.s.nx2.2@i.softbank.jp', '15:00〜18:00', '1〜3年未満', '1ヶ月以内', '常勤', '離職中', 40, 40, '2013', '■3月退職済み　即日勤務可能\r\n■職歴\r\n・久能整形外科・消化器科（3ヶ月）　http://www.kunou.or.jp/\r\n・福岡県済生会飯塚嘉穂病院（1年8ヶ月）http://iizuka-kaho.jp/\r\n■年収　\r\n前職年収　300万　／希望年収　300万以上\r\n■その他\r\n車免許なし', 1, 'read', 0, 0, 1, '2015-06-25 19:56:50', '2015-06-25 11:25:19'),
(100179, '201506280042', '五十川養', 'いそがわかい', '', '1992-10-08', '3340011', 11, '川口市三ツ和3丁目18-5 グラフティマンション8  102号', '09097661117', 'k.chunkun@gmail.com', '18:00～21:00', '1年未満', '6ヶ月以内', '常勤', '在職中（退職時期未定）', 19, 0, '2014', '', 2, 'read', 0, 0, 0, '2015-06-29 22:21:04', '2015-06-29 13:23:27');

-- --------------------------------------------------------

--
-- Table structure for table `areas`
--

CREATE TABLE IF NOT EXISTS `areas` (
  `id` int(2) NOT NULL,
  `area_name` varchar(255) NOT NULL
) ENGINE=MyISAM DEFAULT CHARSET=utf8 COMMENT='マスター　エリアデータ';

--
-- Dumping data for table `areas`
--

INSERT INTO `areas` (`id`, `area_name`) VALUES
(1, '北海道・東北'),
(2, '関東'),
(3, '甲信越'),
(4, '北陸'),
(5, '東海'),
(6, '近畿'),
(7, '中国'),
(8, '四国'),
(9, '九州・沖縄');

-- --------------------------------------------------------

--
-- Table structure for table `businesses`
--

CREATE TABLE IF NOT EXISTS `businesses` (
  `id` int(11) NOT NULL AUTO_INCREMENT,
  `name` varchar(255) NOT NULL COMMENT '事業所名',
  `sort_no` int(11) NOT NULL,
  `deleted` tinyint(1) NOT NULL DEFAULT '0',
  `created_at` datetime NOT NULL,
  `updated_at` timestamp NOT NULL DEFAULT CURRENT_TIMESTAMP ON UPDATE CURRENT_TIMESTAMP,
  PRIMARY KEY (`id`),
  KEY `sort_no` (`sort_no`)
) ENGINE=MyISAM  DEFAULT CHARSET=utf8 AUTO_INCREMENT=28 ;

--
-- Dumping data for table `businesses`
--

INSERT INTO `businesses` (`id`, `name`, `sort_no`, `deleted`, `created_at`, `updated_at`) VALUES
(1, '病院（急性期）', 1, 0, '2014-08-11 00:00:00', '2014-08-10 15:00:00'),
(2, '病院（回復期）', 2, 0, '2014-08-11 00:00:00', '2014-08-10 15:00:00'),
(3, '病院（療養型）', 3, 0, '2014-08-11 00:00:00', '2014-08-10 15:00:00'),
(4, '病院（精神科）', 4, 0, '2014-08-11 00:00:00', '2014-08-10 15:00:00'),
(5, '病院（総合）', 5, 0, '2014-08-11 00:00:00', '2014-08-10 15:00:00'),
(6, '病院（ケアミックス）', 6, 0, '2014-08-11 00:00:00', '2014-08-10 15:00:00'),
(7, '病院（その他）', 7, 0, '2014-08-11 00:00:00', '2014-08-10 15:00:00'),
(8, '病院（外来）', 8, 0, '2014-08-11 00:00:00', '2014-08-17 11:48:24'),
(9, '老健', 9, 0, '2014-08-11 00:00:00', '2014-08-10 15:00:00'),
(10, '特養', 10, 0, '2014-08-11 00:00:00', '2014-08-10 15:00:00'),
(11, '有料', 11, 0, '2014-08-11 00:00:00', '2014-08-10 15:00:00'),
(12, 'グループホーム', 12, 0, '2014-08-11 00:00:00', '2014-08-10 15:00:00'),
(13, 'サ高住', 13, 0, '2014-08-11 00:00:00', '2014-08-10 15:00:00'),
(14, 'デイサービス', 14, 0, '2014-08-11 00:00:00', '2014-08-10 15:00:00'),
(15, 'デイケア', 15, 0, '2014-08-11 00:00:00', '2014-08-10 15:00:00'),
(16, 'ショートステイ', 16, 0, '2014-08-11 00:00:00', '2014-08-10 15:00:00'),
(17, '訪問看護・リハ', 17, 0, '2014-08-11 00:00:00', '2014-08-10 15:00:00'),
(18, '訪問介護', 18, 0, '2014-08-11 00:00:00', '2014-08-10 15:00:00'),
(19, '小規模多機能', 19, 0, '2014-08-11 00:00:00', '2014-08-10 15:00:00'),
(20, 'クリニック（病棟）', 20, 0, '2014-08-11 00:00:00', '2014-08-10 15:00:00'),
(21, 'クリニック（外来）', 21, 0, '2014-08-11 00:00:00', '2014-08-10 15:00:00'),
(22, '小児施設', 22, 0, '2014-08-11 00:00:00', '2014-08-10 15:00:00'),
(23, '学校', 23, 0, '2014-08-11 00:00:00', '2014-08-10 15:00:00'),
(24, '障害者施設', 24, 0, '2014-08-11 00:00:00', '2014-08-10 15:00:00'),
(25, '居宅', 25, 0, '2014-08-11 00:00:00', '2014-08-10 15:00:00'),
(26, '地域包括', 26, 0, '2014-08-11 00:00:00', '2014-08-10 15:00:00'),
(27, 'その他', 27, 0, '2014-08-11 00:00:00', '2014-08-10 15:00:00');

-- --------------------------------------------------------

--
-- Table structure for table `cake_sessions`
--

CREATE TABLE IF NOT EXISTS `cake_sessions` (
  `id` varchar(255) NOT NULL DEFAULT '',
  `data` text,
  `expires` int(11) DEFAULT NULL,
  PRIMARY KEY (`id`)
) ENGINE=InnoDB DEFAULT CHARSET=utf8;

--
-- Dumping data for table `cake_sessions`
--

INSERT INTO `cake_sessions` (`id`, `data`, `expires`) VALUES
('2d0q4s58jh2qkq8ustokiu6fa1', 'Config|a:3:{s:9:"userAgent";s:32:"6e58bdf673f4178c308d91b2934fd761";s:4:"time";i:1439369296;s:9:"countdown";i:10;}Message|a:1:{s:4:"auth";a:3:{s:7:"message";s:47:"You are not authorized to access that location.";s:7:"element";s:7:"default";s:6:"params";a:0:{}}}Auth|a:1:{s:4:"User";a:8:{s:2:"id";s:1:"5";s:8:"username";s:9:"yamaguchi";s:5:"email";s:17:"yamaguchi@broz.jp";s:4:"role";s:5:"admin";s:10:"ip_address";N;s:7:"deleted";b:0;s:10:"created_at";s:19:"2014-11-28 09:40:41";s:10:"updated_at";s:19:"2014-11-28 09:40:41";}}', 1439369296),
('3k1i9hnli11ugv0654s93bgbv5', 'Config|a:3:{s:9:"userAgent";s:32:"1b425e3ad2a272c9d22c459c643ce367";s:4:"time";i:1450921075;s:9:"countdown";i:10;}Message|a:1:{s:4:"auth";a:3:{s:7:"message";s:47:"You are not authorized to access that location.";s:7:"element";s:7:"default";s:6:"params";a:0:{}}}Auth|a:1:{s:4:"User";a:8:{s:2:"id";s:1:"6";s:8:"username";s:11:"medicaljobs";s:5:"email";s:26:"a-usami@medical-jobs.co.jp";s:4:"role";s:5:"admin";s:10:"ip_address";N;s:7:"deleted";b:0;s:10:"created_at";s:19:"2015-06-07 20:15:36";s:10:"updated_at";s:19:"2015-06-07 20:15:36";}}', 1450921075),
('3lga2mm2o7nei72d6udueitqj1', 'Config|a:3:{s:9:"userAgent";s:32:"8356ee01000619fc59134519c35d271c";s:4:"time";i:1433487837;s:9:"countdown";i:10;}Message|a:1:{s:4:"auth";a:3:{s:7:"message";s:47:"You are not authorized to access that location.";s:7:"element";s:7:"default";s:6:"params";a:0:{}}}Auth|a:1:{s:4:"User";a:8:{s:2:"id";s:1:"1";s:8:"username";s:6:"kaswan";s:5:"email";s:21:"madankaswan@gmail.com";s:4:"role";s:5:"admin";s:10:"ip_address";N;s:7:"deleted";b:0;s:10:"created_at";s:19:"0000-00-00 00:00:00";s:10:"updated_at";s:19:"2014-08-24 19:06:08";}}', 1433487837),
('567asnvbkjsoodvpbl00hetou2', 'Config|a:3:{s:9:"userAgent";s:32:"95f31f5a80388ecf10e3b5ef4cf33824";s:4:"time";i:1433142435;s:9:"countdown";i:10;}Message|a:1:{s:4:"auth";a:3:{s:7:"message";s:47:"You are not authorized to access that location.";s:7:"element";s:7:"default";s:6:"params";a:0:{}}}Auth|a:1:{s:4:"User";a:8:{s:2:"id";s:1:"2";s:8:"username";s:4:"broz";s:5:"email";s:11:"aki@broz.jp";s:4:"role";s:5:"admin";s:10:"ip_address";N;s:7:"deleted";b:0;s:10:"created_at";s:19:"2014-08-11 16:58:25";s:10:"updated_at";s:19:"2014-08-25 16:51:46";}}', 1433142435),
('5on5qa3fahbbet8397u1rq40s7', 'Config|a:3:{s:9:"userAgent";s:32:"a0c019722d12676e45f950f3c0963fea";s:4:"time";i:1450436548;s:9:"countdown";i:10;}Message|a:1:{s:4:"auth";a:3:{s:7:"message";s:47:"You are not authorized to access that location.";s:7:"element";s:7:"default";s:6:"params";a:0:{}}}Auth|a:1:{s:4:"User";a:8:{s:2:"id";s:1:"1";s:8:"username";s:6:"kaswan";s:5:"email";s:21:"madankaswan@gmail.com";s:4:"role";s:5:"admin";s:10:"ip_address";N;s:7:"deleted";b:0;s:10:"created_at";s:19:"0000-00-00 00:00:00";s:10:"updated_at";s:19:"2014-08-24 19:06:08";}}', 1450436548),
('8ndnlt2v5ou40r100oev2er004', 'Config|a:3:{s:9:"userAgent";s:32:"eac38ca26464181e54f273695757d3d8";s:4:"time";i:1448527329;s:9:"countdown";i:10;}Auth|a:1:{s:8:"redirect";s:56:"/applicants/index/sort:work_type_id/direction:asc/page:2";}', 1448527329),
('9jq3eeu3adee032ukkdmk8q0f4', 'Config|a:3:{s:9:"userAgent";s:32:"1d946587c1c0a708e371e1854fa6f260";s:4:"time";i:1451136226;s:9:"countdown";i:10;}Message|a:1:{s:4:"auth";a:3:{s:7:"message";s:47:"You are not authorized to access that location.";s:7:"element";s:7:"default";s:6:"params";a:0:{}}}Auth|a:1:{s:4:"User";a:8:{s:2:"id";s:1:"1";s:8:"username";s:6:"kaswan";s:5:"email";s:21:"madankaswan@gmail.com";s:4:"role";s:5:"admin";s:10:"ip_address";N;s:7:"deleted";b:0;s:10:"created_at";s:19:"0000-00-00 00:00:00";s:10:"updated_at";s:19:"2014-08-24 19:06:08";}}', 1451136226),
('a4s0mimkooiuhekjbl3hcj1n36', 'Config|a:3:{s:9:"userAgent";s:32:"f406e101c2e89aa2157cc54a1bd36424";s:4:"time";i:1444265370;s:9:"countdown";i:10;}Message|a:1:{s:4:"auth";a:3:{s:7:"message";s:47:"You are not authorized to access that location.";s:7:"element";s:7:"default";s:6:"params";a:0:{}}}Auth|a:1:{s:4:"User";a:8:{s:2:"id";s:1:"1";s:8:"username";s:6:"kaswan";s:5:"email";s:21:"madankaswan@gmail.com";s:4:"role";s:5:"admin";s:10:"ip_address";N;s:7:"deleted";b:0;s:10:"created_at";s:19:"0000-00-00 00:00:00";s:10:"updated_at";s:19:"2014-08-24 19:06:08";}}', 1444265370),
('ftkfmglh5jo40r3f7c54ea6c77', 'Config|a:3:{s:9:"userAgent";s:32:"6e58bdf673f4178c308d91b2934fd761";s:4:"time";i:1441515057;s:9:"countdown";i:10;}Message|a:1:{s:4:"auth";a:3:{s:7:"message";s:47:"You are not authorized to access that location.";s:7:"element";s:7:"default";s:6:"params";a:0:{}}}Auth|a:1:{s:4:"User";a:8:{s:2:"id";s:1:"5";s:8:"username";s:9:"yamaguchi";s:5:"email";s:17:"yamaguchi@broz.jp";s:4:"role";s:5:"admin";s:10:"ip_address";N;s:7:"deleted";b:0;s:10:"created_at";s:19:"2014-11-28 09:40:41";s:10:"updated_at";s:19:"2014-11-28 09:40:41";}}', 1441515057),
('j6hbpif9ihhpgmjrk9f4icshd2', 'Config|a:3:{s:9:"userAgent";s:32:"48f5bbee5526104269c294eba3cafead";s:4:"time";i:1441194695;s:9:"countdown";i:10;}Message|a:1:{s:4:"auth";a:3:{s:7:"message";s:47:"You are not authorized to access that location.";s:7:"element";s:7:"default";s:6:"params";a:0:{}}}Auth|a:1:{s:4:"User";a:8:{s:2:"id";s:1:"2";s:8:"username";s:4:"broz";s:5:"email";s:11:"aki@broz.jp";s:4:"role";s:5:"admin";s:10:"ip_address";N;s:7:"deleted";b:0;s:10:"created_at";s:19:"2014-08-11 16:58:25";s:10:"updated_at";s:19:"2014-08-25 16:51:46";}}', 1441194695),
('kbsq87mhm0h60jp4mtq3r8dvs5', 'Config|a:3:{s:9:"userAgent";s:32:"eac38ca26464181e54f273695757d3d8";s:4:"time";i:1448526249;s:9:"countdown";i:10;}Message|a:1:{s:4:"auth";a:3:{s:7:"message";s:47:"You are not authorized to access that location.";s:7:"element";s:7:"default";s:6:"params";a:0:{}}}Auth|a:1:{s:4:"User";a:8:{s:2:"id";s:1:"1";s:8:"username";s:6:"kaswan";s:5:"email";s:21:"madankaswan@gmail.com";s:4:"role";s:5:"admin";s:10:"ip_address";N;s:7:"deleted";b:0;s:10:"created_at";s:19:"0000-00-00 00:00:00";s:10:"updated_at";s:19:"2014-08-24 19:06:08";}}', 1448526249),
('m4eepurmpmbu92a8b0atr4kei7', 'Config|a:3:{s:9:"userAgent";s:32:"6dcb0096903f680575986898b8c17a19";s:4:"time";i:1446043606;s:9:"countdown";i:10;}Message|a:1:{s:4:"auth";a:3:{s:7:"message";s:47:"You are not authorized to access that location.";s:7:"element";s:7:"default";s:6:"params";a:0:{}}}Auth|a:1:{s:8:"redirect";s:1:"/";}', 1446043606),
('nn6vu6u75ivq9fe4ro3ho7j1f1', 'Config|a:3:{s:9:"userAgent";s:32:"2e136a369ffc37af15373509a7219045";s:4:"time";i:1437371238;s:9:"countdown";i:10;}Message|a:1:{s:4:"auth";a:3:{s:7:"message";s:47:"You are not authorized to access that location.";s:7:"element";s:7:"default";s:6:"params";a:0:{}}}Auth|a:1:{s:8:"redirect";s:1:"/";}', 1437371238),
('nulaugo4ieps1mss1kpmhk5rb1', 'Config|a:3:{s:9:"userAgent";s:32:"ad02cf43738839ea60d5952de12ec105";s:4:"time";i:1437184710;s:9:"countdown";i:10;}Message|a:1:{s:4:"auth";a:3:{s:7:"message";s:47:"You are not authorized to access that location.";s:7:"element";s:7:"default";s:6:"params";a:0:{}}}Auth|a:1:{s:4:"User";a:8:{s:2:"id";s:1:"1";s:8:"username";s:6:"kaswan";s:5:"email";s:21:"madankaswan@gmail.com";s:4:"role";s:5:"admin";s:10:"ip_address";N;s:7:"deleted";b:0;s:10:"created_at";s:19:"0000-00-00 00:00:00";s:10:"updated_at";s:19:"2014-08-24 19:06:08";}}', 1437184710),
('pmu4ae3u4uhhbd5d5crc2qdqq7', 'Config|a:3:{s:9:"userAgent";s:32:"ad02cf43738839ea60d5952de12ec105";s:4:"time";i:1436317569;s:9:"countdown";i:10;}Message|a:1:{s:4:"auth";a:3:{s:7:"message";s:47:"You are not authorized to access that location.";s:7:"element";s:7:"default";s:6:"params";a:0:{}}}Auth|a:1:{s:4:"User";a:8:{s:2:"id";s:1:"1";s:8:"username";s:6:"kaswan";s:5:"email";s:21:"madankaswan@gmail.com";s:4:"role";s:5:"admin";s:10:"ip_address";N;s:7:"deleted";b:0;s:10:"created_at";s:19:"0000-00-00 00:00:00";s:10:"updated_at";s:19:"2014-08-24 19:06:08";}}', 1436317569),
('qvtotrgpv1b6f9fhpmc727l1e3', 'Config|a:3:{s:9:"userAgent";s:32:"1a900b54b856dcc330154773a51e0013";s:4:"time";i:1450784174;s:9:"countdown";i:10;}Message|a:1:{s:4:"auth";a:3:{s:7:"message";s:47:"You are not authorized to access that location.";s:7:"element";s:7:"default";s:6:"params";a:0:{}}}Auth|a:1:{s:4:"User";a:8:{s:2:"id";s:1:"2";s:8:"username";s:4:"broz";s:5:"email";s:11:"aki@broz.jp";s:4:"role";s:5:"admin";s:10:"ip_address";N;s:7:"deleted";b:0;s:10:"created_at";s:19:"2014-08-11 16:58:25";s:10:"updated_at";s:19:"2014-08-25 16:51:46";}}', 1450784174),
('qvvb8ignp4lq0uqr1jpneh0n81', 'Config|a:3:{s:9:"userAgent";s:32:"2e136a369ffc37af15373509a7219045";s:4:"time";i:1437219416;s:9:"countdown";i:10;}Auth|a:1:{s:4:"User";a:8:{s:2:"id";s:1:"2";s:8:"username";s:4:"broz";s:5:"email";s:11:"aki@broz.jp";s:4:"role";s:5:"admin";s:10:"ip_address";N;s:7:"deleted";b:0;s:10:"created_at";s:19:"2014-08-11 16:58:25";s:10:"updated_at";s:19:"2014-08-25 16:51:46";}}Message|a:0:{}', 1437219416),
('rls46tcsn5sbkcohvbe9ijiem1', 'Config|a:3:{s:9:"userAgent";s:32:"6e58bdf673f4178c308d91b2934fd761";s:4:"time";i:1442889429;s:9:"countdown";i:10;}Message|a:1:{s:4:"auth";a:3:{s:7:"message";s:47:"You are not authorized to access that location.";s:7:"element";s:7:"default";s:6:"params";a:0:{}}}Auth|a:1:{s:4:"User";a:8:{s:2:"id";s:1:"5";s:8:"username";s:9:"yamaguchi";s:5:"email";s:17:"yamaguchi@broz.jp";s:4:"role";s:5:"admin";s:10:"ip_address";N;s:7:"deleted";b:0;s:10:"created_at";s:19:"2014-11-28 09:40:41";s:10:"updated_at";s:19:"2014-11-28 09:40:41";}}', 1442889429),
('rt53epkkollmj9cua8q5rupn54', 'Config|a:3:{s:9:"userAgent";s:32:"6e58bdf673f4178c308d91b2934fd761";s:4:"time";i:1434773674;s:9:"countdown";i:10;}Message|a:1:{s:4:"auth";a:3:{s:7:"message";s:47:"You are not authorized to access that location.";s:7:"element";s:7:"default";s:6:"params";a:0:{}}}Auth|a:1:{s:4:"User";a:8:{s:2:"id";s:1:"5";s:8:"username";s:9:"yamaguchi";s:5:"email";s:17:"yamaguchi@broz.jp";s:4:"role";s:5:"admin";s:10:"ip_address";N;s:7:"deleted";b:0;s:10:"created_at";s:19:"2014-11-28 09:40:41";s:10:"updated_at";s:19:"2014-11-28 09:40:41";}}', 1434773674),
('tb62ct6be94garl79vk4j8ipm1', 'Config|a:3:{s:9:"userAgent";s:32:"b2a5b9170b4ec36bca6bb5a1b0aafb39";s:4:"time";i:1441776397;s:9:"countdown";i:10;}Message|a:1:{s:4:"auth";a:3:{s:7:"message";s:47:"You are not authorized to access that location.";s:7:"element";s:7:"default";s:6:"params";a:0:{}}}Auth|a:1:{s:4:"User";a:8:{s:2:"id";s:1:"2";s:8:"username";s:4:"broz";s:5:"email";s:11:"aki@broz.jp";s:4:"role";s:5:"admin";s:10:"ip_address";N;s:7:"deleted";b:0;s:10:"created_at";s:19:"2014-08-11 16:58:25";s:10:"updated_at";s:19:"2014-08-25 16:51:46";}}', 1441776397),
('utudu4e8v9ajmovr4709uhtgv3', 'Config|a:3:{s:9:"userAgent";s:32:"900a7658b13e10d3b39153023234d2d9";s:4:"time";i:1433408833;s:9:"countdown";i:10;}Message|a:1:{s:4:"auth";a:3:{s:7:"message";s:47:"You are not authorized to access that location.";s:7:"element";s:7:"default";s:6:"params";a:0:{}}}Auth|a:1:{s:4:"User";a:8:{s:2:"id";s:1:"1";s:8:"username";s:6:"kaswan";s:5:"email";s:21:"madankaswan@gmail.com";s:4:"role";s:5:"admin";s:10:"ip_address";N;s:7:"deleted";b:0;s:10:"created_at";s:19:"0000-00-00 00:00:00";s:10:"updated_at";s:19:"2014-08-24 19:06:08";}}', 1433408833);

-- --------------------------------------------------------

--
-- Table structure for table `desired_jobs`
--

CREATE TABLE IF NOT EXISTS `desired_jobs` (
  `id` int(11) NOT NULL AUTO_INCREMENT,
  `applicant_id` int(11) NOT NULL COMMENT '求職者ID',
  `business_id` int(11) NOT NULL COMMENT '事業所ID',
  `created_at` datetime NOT NULL,
  `updated_at` timestamp NOT NULL DEFAULT CURRENT_TIMESTAMP ON UPDATE CURRENT_TIMESTAMP,
  PRIMARY KEY (`id`),
  KEY `applicant_id` (`applicant_id`,`business_id`)
) ENGINE=MyISAM  DEFAULT CHARSET=utf8 AUTO_INCREMENT=836 ;

--
-- Dumping data for table `desired_jobs`
--

INSERT INTO `desired_jobs` (`id`, `applicant_id`, `business_id`, `created_at`, `updated_at`) VALUES
(1, 100001, 1, '2014-08-25 16:05:14', '2014-08-25 07:05:14'),
(2, 100001, 2, '2014-08-25 16:05:14', '2014-08-25 07:05:14'),
(3, 100001, 3, '2014-08-25 16:05:14', '2014-08-25 07:05:14'),
(4, 100001, 4, '2014-08-25 16:05:14', '2014-08-25 07:05:14'),
(5, 100001, 5, '2014-08-25 16:05:14', '2014-08-25 07:05:14'),
(6, 100001, 6, '2014-08-25 16:05:14', '2014-08-25 07:05:14'),
(7, 100001, 7, '2014-08-25 16:05:14', '2014-08-25 07:05:14'),
(8, 100001, 8, '2014-08-25 16:05:14', '2014-08-25 07:05:14'),
(9, 100001, 9, '2014-08-25 16:05:14', '2014-08-25 07:05:14'),
(10, 100001, 10, '2014-08-25 16:05:14', '2014-08-25 07:05:14'),
(11, 100001, 11, '2014-08-25 16:05:14', '2014-08-25 07:05:14'),
(12, 100001, 12, '2014-08-25 16:05:14', '2014-08-25 07:05:14'),
(13, 100001, 13, '2014-08-25 16:05:14', '2014-08-25 07:05:14'),
(14, 100001, 14, '2014-08-25 16:05:14', '2014-08-25 07:05:14'),
(15, 100001, 15, '2014-08-25 16:05:14', '2014-08-25 07:05:14'),
(16, 100001, 16, '2014-08-25 16:05:14', '2014-08-25 07:05:14'),
(17, 100002, 1, '2014-08-25 16:05:14', '2014-08-25 07:05:14'),
(18, 100002, 9, '2014-08-25 16:05:14', '2014-08-25 07:05:14'),
(19, 100002, 18, '2014-08-25 16:05:14', '2014-08-25 07:05:14'),
(20, 100003, 2, '2014-08-25 16:05:14', '2014-08-25 07:05:14'),
(21, 100005, 7, '2014-08-25 16:05:14', '2014-08-25 07:05:14'),
(22, 100005, 8, '2014-08-25 16:05:14', '2014-08-25 07:05:14'),
(23, 100005, 14, '2014-08-25 16:05:14', '2014-08-25 07:05:14'),
(24, 100005, 16, '2014-08-25 16:05:14', '2014-08-25 07:05:14'),
(25, 100005, 17, '2014-08-25 16:05:14', '2014-08-25 07:05:14'),
(26, 100005, 20, '2014-08-25 16:05:14', '2014-08-25 07:05:14'),
(27, 100005, 21, '2014-08-25 16:05:14', '2014-08-25 07:05:14'),
(28, 100005, 22, '2014-08-25 16:05:14', '2014-08-25 07:05:14'),
(29, 100005, 26, '2014-08-25 16:05:14', '2014-08-25 07:05:14'),
(30, 100005, 27, '2014-08-25 16:05:14', '2014-08-25 07:05:14'),
(31, 100006, 1, '2014-08-25 16:05:14', '2014-08-25 07:05:14'),
(32, 100006, 12, '2014-08-25 16:05:14', '2014-08-25 07:05:14'),
(33, 100006, 15, '2014-08-25 16:05:14', '2014-08-25 07:05:14'),
(34, 100006, 18, '2014-08-25 16:05:14', '2014-08-25 07:05:14'),
(35, 100010, 14, '2014-08-25 16:05:14', '2014-08-25 07:05:14'),
(36, 100011, 1, '2014-08-25 16:05:14', '2014-08-25 07:05:14'),
(37, 100011, 2, '2014-08-25 16:05:14', '2014-08-25 07:05:14'),
(38, 100011, 3, '2014-08-25 16:05:14', '2014-08-25 07:05:14'),
(39, 100011, 4, '2014-08-25 16:05:14', '2014-08-25 07:05:14'),
(40, 100011, 5, '2014-08-25 16:05:14', '2014-08-25 07:05:14'),
(41, 100011, 6, '2014-08-25 16:05:14', '2014-08-25 07:05:14'),
(42, 100011, 7, '2014-08-25 16:05:14', '2014-08-25 07:05:14'),
(43, 100011, 8, '2014-08-25 16:05:14', '2014-08-25 07:05:14'),
(44, 100011, 9, '2014-08-25 16:05:14', '2014-08-25 07:05:14'),
(45, 100011, 10, '2014-08-25 16:05:14', '2014-08-25 07:05:14'),
(46, 100011, 11, '2014-08-25 16:05:14', '2014-08-25 07:05:14'),
(47, 100011, 12, '2014-08-25 16:05:14', '2014-08-25 07:05:14'),
(48, 100011, 13, '2014-08-25 16:05:14', '2014-08-25 07:05:14'),
(49, 100011, 14, '2014-08-25 16:05:14', '2014-08-25 07:05:14'),
(50, 100011, 15, '2014-08-25 16:05:14', '2014-08-25 07:05:14'),
(51, 100011, 16, '2014-08-25 16:05:14', '2014-08-25 07:05:14'),
(52, 100011, 17, '2014-08-25 16:05:14', '2014-08-25 07:05:14'),
(53, 100011, 18, '2014-08-25 16:05:14', '2014-08-25 07:05:14'),
(54, 100011, 19, '2014-08-25 16:05:14', '2014-08-25 07:05:14'),
(55, 100011, 21, '2014-08-25 16:05:14', '2014-08-25 07:05:14'),
(56, 100011, 22, '2014-08-25 16:05:14', '2014-08-25 07:05:14'),
(57, 100011, 23, '2014-08-25 16:05:14', '2014-08-25 07:05:14'),
(58, 100011, 24, '2014-08-25 16:05:14', '2014-08-25 07:05:14'),
(59, 100011, 25, '2014-08-25 16:05:14', '2014-08-25 07:05:14'),
(60, 100011, 26, '2014-08-25 16:05:14', '2014-08-25 07:05:14'),
(61, 100011, 27, '2014-08-25 16:05:14', '2014-08-25 07:05:14'),
(62, 100012, 5, '2014-08-25 16:05:14', '2014-08-25 07:05:14'),
(63, 100012, 6, '2014-08-25 16:05:14', '2014-08-25 07:05:14'),
(64, 100012, 7, '2014-08-25 16:05:14', '2014-08-25 07:05:14'),
(65, 100012, 8, '2014-08-25 16:05:14', '2014-08-25 07:05:14'),
(66, 100012, 18, '2014-08-25 16:05:14', '2014-08-25 07:05:14'),
(67, 100012, 19, '2014-08-25 16:05:14', '2014-08-25 07:05:14'),
(68, 100012, 20, '2014-08-25 16:05:14', '2014-08-25 07:05:14'),
(69, 100013, 14, '2014-08-25 16:05:14', '2014-08-25 07:05:14'),
(70, 100013, 18, '2014-08-25 16:05:14', '2014-08-25 07:05:14'),
(71, 100014, 1, '2014-08-25 16:05:14', '2014-08-25 07:05:14'),
(72, 100014, 14, '2014-08-25 16:05:14', '2014-08-25 07:05:14'),
(73, 100015, 13, '2014-08-25 16:05:14', '2014-08-25 07:05:14'),
(74, 100015, 14, '2014-08-25 16:05:14', '2014-08-25 07:05:14'),
(75, 100016, 1, '2014-10-03 16:47:15', '2014-10-03 07:47:15'),
(76, 100017, 1, '2014-10-03 16:47:15', '2014-10-03 07:47:15'),
(77, 100018, 2, '2014-10-03 16:47:15', '2014-10-03 07:47:15'),
(78, 100018, 6, '2014-10-03 16:47:15', '2014-10-03 07:47:15'),
(79, 100019, 17, '2014-10-03 16:47:15', '2014-10-03 07:47:15'),
(80, 100020, 1, '2014-10-03 16:47:15', '2014-10-03 07:47:15'),
(123, 100021, 21, '2014-11-06 11:24:46', '2014-11-06 02:24:46'),
(122, 100021, 20, '2014-11-06 11:24:46', '2014-11-06 02:24:46'),
(121, 100021, 17, '2014-11-06 11:24:46', '2014-11-06 02:24:46'),
(120, 100021, 8, '2014-11-06 11:24:46', '2014-11-06 02:24:46'),
(119, 100021, 6, '2014-11-06 11:24:46', '2014-11-06 02:24:46'),
(118, 100021, 5, '2014-11-06 11:24:46', '2014-11-06 02:24:46'),
(117, 100021, 3, '2014-11-06 11:24:46', '2014-11-06 02:24:46'),
(116, 100021, 2, '2014-11-06 11:24:46', '2014-11-06 02:24:46'),
(97, 100022, 1, '2014-11-03 13:56:56', '2014-11-03 04:56:56'),
(98, 100023, 3, '2014-11-03 13:56:56', '2014-11-03 04:56:56'),
(99, 100024, 2, '2014-11-03 13:56:56', '2014-11-03 04:56:56'),
(100, 100024, 3, '2014-11-03 13:56:56', '2014-11-03 04:56:56'),
(101, 100025, 2, '2014-11-03 13:56:56', '2014-11-03 04:56:56'),
(102, 100026, 1, '2014-11-03 13:56:56', '2014-11-03 04:56:56'),
(103, 100027, 4, '2014-11-03 13:56:56', '2014-11-03 04:56:56'),
(104, 100028, 1, '2014-11-03 13:56:56', '2014-11-03 04:56:56'),
(105, 100029, 3, '2014-11-03 13:56:56', '2014-11-03 04:56:56'),
(106, 100030, 1, '2014-11-03 13:56:56', '2014-11-03 04:56:56'),
(107, 100031, 4, '2014-11-03 13:56:56', '2014-11-03 04:56:56'),
(124, 100032, 3, '2014-11-10 10:14:27', '2014-11-10 01:14:27'),
(125, 100032, 6, '2014-11-10 10:14:27', '2014-11-10 01:14:27'),
(126, 100033, 10, '2014-11-14 14:24:48', '2014-11-14 05:24:48'),
(127, 100033, 23, '2014-11-14 14:24:48', '2014-11-14 05:24:48'),
(562, 100034, 1, '2015-04-27 15:53:25', '2015-04-27 06:53:25'),
(563, 100034, 5, '2015-04-27 15:53:25', '2015-04-27 06:53:25'),
(564, 100034, 17, '2015-04-27 15:53:25', '2015-04-27 06:53:25'),
(565, 100034, 26, '2015-04-27 15:53:25', '2015-04-27 06:53:25'),
(132, 100035, 5, '2014-11-16 16:46:09', '2014-11-16 07:46:09'),
(133, 100035, 8, '2014-11-16 16:46:09', '2014-11-16 07:46:09'),
(134, 100035, 21, '2014-11-16 16:46:09', '2014-11-16 07:46:09'),
(154, 100037, 22, '2014-11-20 14:15:21', '2014-11-20 05:15:21'),
(153, 100037, 21, '2014-11-20 14:15:21', '2014-11-20 05:15:21'),
(152, 100037, 17, '2014-11-20 14:15:21', '2014-11-20 05:15:21'),
(151, 100037, 9, '2014-11-20 14:15:21', '2014-11-20 05:15:21'),
(168, 100038, 26, '2014-11-22 02:18:23', '2014-11-21 17:18:23'),
(167, 100038, 25, '2014-11-22 02:18:23', '2014-11-21 17:18:23'),
(166, 100038, 21, '2014-11-22 02:18:23', '2014-11-21 17:18:23'),
(165, 100038, 14, '2014-11-22 02:18:23', '2014-11-21 17:18:23'),
(164, 100038, 9, '2014-11-22 02:18:23', '2014-11-21 17:18:23'),
(163, 100038, 6, '2014-11-22 02:18:23', '2014-11-21 17:18:23'),
(162, 100038, 5, '2014-11-22 02:18:23', '2014-11-21 17:18:23'),
(175, 100039, 1, '2014-11-24 16:32:05', '2014-11-24 07:32:05'),
(176, 100039, 2, '2014-11-24 16:32:05', '2014-11-24 07:32:05'),
(177, 100039, 5, '2014-11-24 16:32:05', '2014-11-24 07:32:05'),
(188, 100040, 10, '2014-11-27 17:35:46', '2014-11-27 08:35:46'),
(187, 100040, 9, '2014-11-27 17:35:46', '2014-11-27 08:35:46'),
(186, 100040, 6, '2014-11-27 17:35:46', '2014-11-27 08:35:46'),
(185, 100040, 3, '2014-11-27 17:35:46', '2014-11-27 08:35:46'),
(182, 100041, 1, '2014-11-27 17:34:50', '2014-11-27 08:34:50'),
(183, 100042, 1, '2014-11-27 17:34:50', '2014-11-27 08:34:50'),
(184, 100043, 1, '2014-11-27 17:34:50', '2014-11-27 08:34:50'),
(189, 100045, 1, '2014-12-03 10:29:14', '2014-12-03 01:29:14'),
(190, 100045, 2, '2014-12-03 10:29:14', '2014-12-03 01:29:14'),
(191, 100045, 11, '2014-12-03 10:29:14', '2014-12-03 01:29:14'),
(192, 100049, 1, '2014-12-03 10:29:14', '2014-12-03 01:29:14'),
(193, 100121, 1, '2014-12-07 16:03:56', '2014-12-07 07:03:56'),
(194, 100121, 2, '2014-12-07 16:03:56', '2014-12-07 07:03:56'),
(195, 100121, 3, '2014-12-07 16:03:56', '2014-12-07 07:03:56'),
(196, 100121, 4, '2014-12-07 16:03:56', '2014-12-07 07:03:56'),
(197, 100121, 5, '2014-12-07 16:03:56', '2014-12-07 07:03:56'),
(198, 100121, 6, '2014-12-07 16:03:56', '2014-12-07 07:03:56'),
(199, 100121, 7, '2014-12-07 16:03:56', '2014-12-07 07:03:56'),
(200, 100121, 8, '2014-12-07 16:03:56', '2014-12-07 07:03:56'),
(201, 100121, 9, '2014-12-07 16:03:56', '2014-12-07 07:03:56'),
(202, 100121, 10, '2014-12-07 16:03:56', '2014-12-07 07:03:56'),
(203, 100121, 11, '2014-12-07 16:03:56', '2014-12-07 07:03:56'),
(204, 100121, 12, '2014-12-07 16:03:56', '2014-12-07 07:03:56'),
(205, 100121, 13, '2014-12-07 16:03:56', '2014-12-07 07:03:56'),
(206, 100121, 14, '2014-12-07 16:03:56', '2014-12-07 07:03:56'),
(207, 100121, 15, '2014-12-07 16:03:56', '2014-12-07 07:03:56'),
(208, 100121, 16, '2014-12-07 16:03:56', '2014-12-07 07:03:56'),
(209, 100121, 17, '2014-12-07 16:03:56', '2014-12-07 07:03:56'),
(210, 100121, 18, '2014-12-07 16:03:56', '2014-12-07 07:03:56'),
(211, 100121, 19, '2014-12-07 16:03:56', '2014-12-07 07:03:56'),
(212, 100121, 21, '2014-12-07 16:03:56', '2014-12-07 07:03:56'),
(213, 100121, 22, '2014-12-07 16:03:56', '2014-12-07 07:03:56'),
(214, 100121, 23, '2014-12-07 16:03:56', '2014-12-07 07:03:56'),
(215, 100121, 24, '2014-12-07 16:03:56', '2014-12-07 07:03:56'),
(216, 100121, 25, '2014-12-07 16:03:56', '2014-12-07 07:03:56'),
(217, 100121, 26, '2014-12-07 16:03:56', '2014-12-07 07:03:56'),
(218, 100121, 27, '2014-12-07 16:03:56', '2014-12-07 07:03:56'),
(219, 100122, 5, '2014-12-10 11:04:07', '2014-12-10 02:04:07'),
(220, 100124, 5, '2014-12-15 10:01:16', '2014-12-15 01:01:16'),
(224, 100123, 15, '2014-12-15 18:47:23', '2014-12-15 09:47:23'),
(223, 100123, 14, '2014-12-15 18:47:23', '2014-12-15 09:47:23'),
(258, 100051, 17, '2015-01-05 23:30:40', '2015-01-05 14:30:40'),
(257, 100051, 14, '2015-01-05 23:30:40', '2015-01-05 14:30:40'),
(256, 100051, 2, '2015-01-05 23:30:40', '2015-01-05 14:30:40'),
(265, 100130, 1, '2015-01-08 19:49:16', '2015-01-08 10:49:16'),
(266, 100130, 5, '2015-01-08 19:49:16', '2015-01-08 10:49:16'),
(267, 100130, 8, '2015-01-08 19:49:16', '2015-01-08 10:49:16'),
(292, 100126, 21, '2015-01-19 11:50:00', '2015-01-19 02:50:00'),
(291, 100126, 8, '2015-01-19 11:50:00', '2015-01-19 02:50:00'),
(290, 100126, 2, '2015-01-19 11:50:00', '2015-01-19 02:50:00'),
(249, 100127, 17, '2015-01-05 20:11:36', '2015-01-05 11:11:36'),
(248, 100127, 9, '2015-01-05 20:11:36', '2015-01-05 11:11:36'),
(247, 100127, 5, '2015-01-05 20:11:36', '2015-01-05 11:11:36'),
(246, 100127, 2, '2015-01-05 20:11:36', '2015-01-05 11:11:36'),
(245, 100125, 5, '2015-01-05 20:02:43', '2015-01-05 11:02:43'),
(244, 100125, 3, '2015-01-05 20:02:43', '2015-01-05 11:02:43'),
(326, 100128, 17, '2015-03-03 13:11:32', '2015-03-03 04:11:32'),
(269, 100131, 5, '2015-01-13 20:22:23', '2015-01-13 11:22:23'),
(270, 100131, 8, '2015-01-13 20:22:23', '2015-01-13 11:22:23'),
(286, 100132, 17, '2015-01-14 20:56:47', '2015-01-14 11:56:47'),
(285, 100132, 15, '2015-01-14 20:56:47', '2015-01-14 11:56:47'),
(284, 100132, 14, '2015-01-14 20:56:47', '2015-01-14 11:56:47'),
(283, 100132, 8, '2015-01-14 20:56:47', '2015-01-14 11:56:47'),
(282, 100132, 5, '2015-01-14 20:56:47', '2015-01-14 11:56:47'),
(281, 100132, 4, '2015-01-14 20:56:47', '2015-01-14 11:56:47'),
(280, 100132, 3, '2015-01-14 20:56:47', '2015-01-14 11:56:47'),
(279, 100132, 2, '2015-01-14 20:56:47', '2015-01-14 11:56:47'),
(304, 100134, 21, '2015-01-21 20:28:57', '2015-01-21 11:28:57'),
(303, 100134, 14, '2015-01-21 20:28:57', '2015-01-21 11:28:57'),
(302, 100134, 5, '2015-01-21 20:28:57', '2015-01-21 11:28:57'),
(301, 100134, 2, '2015-01-21 20:28:57', '2015-01-21 11:28:57'),
(300, 100134, 1, '2015-01-21 20:28:57', '2015-01-21 11:28:57'),
(298, 100135, 5, '2015-01-21 20:14:13', '2015-01-21 11:14:13'),
(299, 100135, 21, '2015-01-21 20:14:13', '2015-01-21 11:14:13'),
(309, 100136, 1, '2015-02-23 13:37:57', '2015-02-23 04:37:57'),
(310, 100136, 3, '2015-02-23 13:37:57', '2015-02-23 04:37:57'),
(311, 100136, 5, '2015-02-23 13:37:57', '2015-02-23 04:37:57'),
(312, 100136, 6, '2015-02-23 13:37:57', '2015-02-23 04:37:57'),
(313, 100136, 8, '2015-02-23 13:37:57', '2015-02-23 04:37:57'),
(314, 100136, 9, '2015-02-23 13:37:57', '2015-02-23 04:37:57'),
(315, 100136, 11, '2015-02-23 13:37:57', '2015-02-23 04:37:57'),
(316, 100136, 12, '2015-02-23 13:37:57', '2015-02-23 04:37:57'),
(317, 100136, 13, '2015-02-23 13:37:57', '2015-02-23 04:37:57'),
(318, 100136, 16, '2015-02-23 13:37:57', '2015-02-23 04:37:57'),
(319, 100136, 19, '2015-02-23 13:37:57', '2015-02-23 04:37:57'),
(320, 100136, 20, '2015-02-23 13:37:57', '2015-02-23 04:37:57'),
(321, 100136, 21, '2015-02-23 13:37:57', '2015-02-23 04:37:57'),
(322, 100138, 2, '2015-02-28 20:16:59', '2015-02-28 11:16:59'),
(323, 100138, 10, '2015-02-28 20:16:59', '2015-02-28 11:16:59'),
(324, 100138, 14, '2015-02-28 20:16:59', '2015-02-28 11:16:59'),
(325, 100138, 26, '2015-02-28 20:16:59', '2015-02-28 11:16:59'),
(327, 100139, 1, '2015-03-05 14:37:44', '2015-03-05 05:37:44'),
(333, 100137, 6, '2015-03-06 15:33:43', '2015-03-06 06:33:43'),
(332, 100137, 2, '2015-03-06 15:33:43', '2015-03-06 06:33:43'),
(331, 100137, 1, '2015-03-06 15:33:43', '2015-03-06 06:33:43'),
(343, 100141, 17, '2015-03-10 11:58:31', '2015-03-10 02:58:31'),
(342, 100141, 15, '2015-03-10 11:58:31', '2015-03-10 02:58:31'),
(341, 100141, 14, '2015-03-10 11:58:31', '2015-03-10 02:58:31'),
(340, 100141, 13, '2015-03-10 11:58:31', '2015-03-10 02:58:31'),
(339, 100141, 9, '2015-03-10 11:58:31', '2015-03-10 02:58:31'),
(364, 100143, 9, '2015-03-12 14:25:49', '2015-03-12 05:25:49'),
(365, 100143, 10, '2015-03-12 14:25:49', '2015-03-12 05:25:49'),
(366, 100143, 11, '2015-03-12 14:25:49', '2015-03-12 05:25:49'),
(367, 100143, 15, '2015-03-12 14:25:49', '2015-03-12 05:25:49'),
(368, 100143, 17, '2015-03-12 14:25:49', '2015-03-12 05:25:49'),
(369, 100145, 11, '2015-03-19 21:30:55', '2015-03-19 12:30:55'),
(386, 100146, 3, '2015-04-07 13:51:23', '2015-04-07 04:51:23'),
(387, 100146, 9, '2015-04-07 13:51:23', '2015-04-07 04:51:23'),
(388, 100146, 14, '2015-04-07 13:51:23', '2015-04-07 04:51:23'),
(389, 100146, 15, '2015-04-07 13:51:23', '2015-04-07 04:51:23'),
(390, 100146, 17, '2015-04-07 13:51:23', '2015-04-07 04:51:23'),
(375, 100147, 2, '2015-04-07 13:37:55', '2015-04-07 04:37:55'),
(376, 100147, 6, '2015-04-07 13:37:55', '2015-04-07 04:37:55'),
(392, 100148, 6, '2015-04-07 20:44:11', '2015-04-07 11:44:11'),
(391, 100148, 2, '2015-04-07 20:44:11', '2015-04-07 11:44:11'),
(385, 100146, 2, '2015-04-07 13:51:23', '2015-04-07 04:51:23'),
(393, 100149, 2, '2015-04-08 09:48:45', '2015-04-08 00:48:45'),
(394, 100149, 3, '2015-04-08 09:48:45', '2015-04-08 00:48:45'),
(545, 100150, 27, '2015-04-20 21:23:04', '2015-04-20 12:23:04'),
(544, 100150, 17, '2015-04-20 21:23:04', '2015-04-20 12:23:04'),
(543, 100150, 15, '2015-04-20 21:23:04', '2015-04-20 12:23:04'),
(542, 100150, 14, '2015-04-20 21:23:04', '2015-04-20 12:23:04'),
(458, 100151, 19, '2015-04-13 23:16:30', '2015-04-13 14:16:30'),
(457, 100151, 16, '2015-04-13 23:16:30', '2015-04-13 14:16:30'),
(456, 100151, 15, '2015-04-13 23:16:30', '2015-04-13 14:16:30'),
(455, 100151, 14, '2015-04-13 23:16:30', '2015-04-13 14:16:30'),
(454, 100151, 13, '2015-04-13 23:16:30', '2015-04-13 14:16:30'),
(453, 100151, 12, '2015-04-13 23:16:30', '2015-04-13 14:16:30'),
(452, 100151, 11, '2015-04-13 23:16:30', '2015-04-13 14:16:30'),
(451, 100151, 10, '2015-04-13 23:16:30', '2015-04-13 14:16:30'),
(450, 100151, 9, '2015-04-13 23:16:30', '2015-04-13 14:16:30'),
(449, 100151, 3, '2015-04-13 23:16:30', '2015-04-13 14:16:30'),
(623, 100152, 1, '2015-05-01 01:48:37', '2015-04-30 16:48:37'),
(624, 100152, 2, '2015-05-01 01:48:37', '2015-04-30 16:48:37'),
(625, 100152, 3, '2015-05-01 01:48:37', '2015-04-30 16:48:37'),
(626, 100152, 5, '2015-05-01 01:48:37', '2015-04-30 16:48:37'),
(627, 100152, 6, '2015-05-01 01:48:37', '2015-04-30 16:48:37'),
(628, 100152, 7, '2015-05-01 01:48:37', '2015-04-30 16:48:37'),
(629, 100152, 8, '2015-05-01 01:48:37', '2015-04-30 16:48:37'),
(630, 100152, 9, '2015-05-01 01:48:37', '2015-04-30 16:48:37'),
(631, 100152, 10, '2015-05-01 01:48:37', '2015-04-30 16:48:37'),
(632, 100152, 14, '2015-05-01 01:48:37', '2015-04-30 16:48:37'),
(633, 100152, 15, '2015-05-01 01:48:37', '2015-04-30 16:48:37'),
(634, 100152, 17, '2015-05-01 01:48:37', '2015-04-30 16:48:37'),
(635, 100152, 20, '2015-05-01 01:48:37', '2015-04-30 16:48:37'),
(636, 100152, 21, '2015-05-01 01:48:37', '2015-04-30 16:48:37'),
(637, 100152, 22, '2015-05-01 01:48:37', '2015-04-30 16:48:37'),
(638, 100152, 23, '2015-05-01 01:48:37', '2015-04-30 16:48:37'),
(639, 100152, 25, '2015-05-01 01:48:37', '2015-04-30 16:48:37'),
(640, 100152, 26, '2015-05-01 01:48:37', '2015-04-30 16:48:37'),
(520, 100153, 17, '2015-04-17 10:59:26', '2015-04-17 01:59:26'),
(519, 100153, 5, '2015-04-17 10:59:26', '2015-04-17 01:59:26'),
(518, 100153, 2, '2015-04-17 10:59:26', '2015-04-17 01:59:26'),
(664, 100159, 17, '2015-05-11 19:13:21', '2015-05-11 10:13:21'),
(665, 100159, 20, '2015-05-11 19:13:21', '2015-05-11 10:13:21'),
(666, 100159, 21, '2015-05-11 19:13:21', '2015-05-11 10:13:21'),
(667, 100159, 26, '2015-05-11 19:13:21', '2015-05-11 10:13:21'),
(643, 100158, 17, '2015-05-02 00:16:46', '2015-05-01 15:16:46'),
(642, 100158, 15, '2015-05-02 00:16:46', '2015-05-01 15:16:46'),
(641, 100158, 13, '2015-05-02 00:16:46', '2015-05-01 15:16:46'),
(610, 100154, 9, '2015-05-01 01:08:28', '2015-04-30 16:08:28'),
(611, 100154, 10, '2015-05-01 01:08:28', '2015-04-30 16:08:28'),
(612, 100154, 11, '2015-05-01 01:08:28', '2015-04-30 16:08:28'),
(613, 100154, 12, '2015-05-01 01:08:28', '2015-04-30 16:08:28'),
(614, 100154, 13, '2015-05-01 01:08:28', '2015-04-30 16:08:28'),
(615, 100154, 14, '2015-05-01 01:08:28', '2015-04-30 16:08:28'),
(616, 100154, 15, '2015-05-01 01:08:28', '2015-04-30 16:08:28'),
(617, 100154, 16, '2015-05-01 01:08:28', '2015-04-30 16:08:28'),
(618, 100154, 18, '2015-05-01 01:08:28', '2015-04-30 16:08:28'),
(619, 100154, 19, '2015-05-01 01:08:28', '2015-04-30 16:08:28'),
(620, 100154, 20, '2015-05-01 01:08:28', '2015-04-30 16:08:28'),
(621, 100154, 21, '2015-05-01 01:08:28', '2015-04-30 16:08:28'),
(622, 100154, 24, '2015-05-01 01:08:28', '2015-04-30 16:08:28'),
(549, 100155, 1, '2015-04-20 22:04:38', '2015-04-20 13:04:38'),
(550, 100155, 5, '2015-04-20 22:04:38', '2015-04-20 13:04:38'),
(551, 100155, 17, '2015-04-20 22:04:38', '2015-04-20 13:04:38'),
(552, 100156, 5, '2015-04-27 15:45:32', '2015-04-27 06:45:32'),
(570, 100157, 21, '2015-04-27 17:05:44', '2015-04-27 08:05:44'),
(569, 100157, 17, '2015-04-27 17:05:44', '2015-04-27 08:05:44'),
(568, 100157, 5, '2015-04-27 17:05:44', '2015-04-27 08:05:44'),
(567, 100157, 2, '2015-04-27 17:05:44', '2015-04-27 08:05:44'),
(566, 100157, 1, '2015-04-27 17:05:44', '2015-04-27 08:05:44'),
(663, 100159, 8, '2015-05-11 19:13:21', '2015-05-11 10:13:21'),
(662, 100159, 7, '2015-05-11 19:13:21', '2015-05-11 10:13:21'),
(661, 100159, 6, '2015-05-11 19:13:21', '2015-05-11 10:13:21'),
(660, 100159, 5, '2015-05-11 19:13:21', '2015-05-11 10:13:21'),
(659, 100159, 4, '2015-05-11 19:13:21', '2015-05-11 10:13:21'),
(658, 100159, 3, '2015-05-11 19:13:21', '2015-05-11 10:13:21'),
(657, 100159, 2, '2015-05-11 19:13:21', '2015-05-11 10:13:21'),
(656, 100159, 1, '2015-05-11 19:13:21', '2015-05-11 10:13:21'),
(680, 100160, 17, '2015-05-19 17:58:18', '2015-05-19 08:58:18'),
(670, 100161, 9, '2015-05-16 15:18:07', '2015-05-16 06:18:07'),
(671, 100161, 11, '2015-05-16 15:18:07', '2015-05-16 06:18:07'),
(672, 100161, 13, '2015-05-16 15:18:07', '2015-05-16 06:18:07'),
(673, 100161, 15, '2015-05-16 15:18:07', '2015-05-16 06:18:07'),
(674, 100161, 17, '2015-05-16 15:18:07', '2015-05-16 06:18:07'),
(675, 100161, 25, '2015-05-16 15:18:07', '2015-05-16 06:18:07'),
(676, 100161, 26, '2015-05-16 15:18:07', '2015-05-16 06:18:07'),
(677, 100162, 3, '2015-05-18 01:25:45', '2015-05-17 16:25:45'),
(678, 100162, 5, '2015-05-18 01:25:45', '2015-05-17 16:25:45'),
(679, 100163, 5, '2015-05-18 01:25:45', '2015-05-17 16:25:45'),
(681, 100164, 5, '2015-05-25 18:40:06', '2015-05-25 09:40:06'),
(682, 100164, 8, '2015-05-25 18:40:06', '2015-05-25 09:40:06'),
(683, 100165, 5, '2015-05-25 18:40:06', '2015-05-25 09:40:06'),
(684, 100166, 5, '2015-05-25 18:40:06', '2015-05-25 09:40:06'),
(685, 100166, 8, '2015-05-25 18:40:06', '2015-05-25 09:40:06'),
(686, 100167, 3, '2015-05-30 13:09:33', '2015-05-30 04:09:33'),
(687, 100167, 4, '2015-05-30 13:09:33', '2015-05-30 04:09:33'),
(688, 100167, 9, '2015-05-30 13:09:33', '2015-05-30 04:09:33'),
(689, 100167, 10, '2015-05-30 13:09:33', '2015-05-30 04:09:33'),
(690, 100167, 11, '2015-05-30 13:09:33', '2015-05-30 04:09:33'),
(691, 100167, 12, '2015-05-30 13:09:33', '2015-05-30 04:09:33'),
(692, 100167, 13, '2015-05-30 13:09:33', '2015-05-30 04:09:33'),
(693, 100167, 14, '2015-05-30 13:09:33', '2015-05-30 04:09:33'),
(694, 100167, 15, '2015-05-30 13:09:33', '2015-05-30 04:09:33'),
(695, 100167, 16, '2015-05-30 13:09:33', '2015-05-30 04:09:33'),
(696, 100167, 19, '2015-05-30 13:09:33', '2015-05-30 04:09:33'),
(697, 100167, 22, '2015-05-30 13:09:33', '2015-05-30 04:09:33'),
(698, 100167, 24, '2015-05-30 13:09:33', '2015-05-30 04:09:33'),
(699, 100168, 5, '2015-06-02 20:05:29', '2015-06-02 11:05:29'),
(700, 100168, 8, '2015-06-02 20:05:29', '2015-06-02 11:05:29'),
(701, 100169, 5, '2015-06-07 18:28:33', '2015-06-07 09:28:33'),
(702, 100170, 1, '2015-06-07 18:28:33', '2015-06-07 09:28:33'),
(703, 100170, 2, '2015-06-07 18:28:33', '2015-06-07 09:28:33'),
(704, 100170, 3, '2015-06-07 18:28:33', '2015-06-07 09:28:33'),
(705, 100170, 5, '2015-06-07 18:28:33', '2015-06-07 09:28:33'),
(706, 100170, 9, '2015-06-07 18:28:33', '2015-06-07 09:28:33'),
(707, 100171, 27, '2015-06-11 14:12:38', '2015-06-11 05:12:38'),
(708, 100172, 5, '2015-06-20 18:31:17', '2015-06-20 09:31:17'),
(775, 100173, 9, '2015-06-25 20:10:43', '2015-06-25 11:10:43'),
(776, 100173, 10, '2015-06-25 20:10:43', '2015-06-25 11:10:43'),
(777, 100173, 11, '2015-06-25 20:10:43', '2015-06-25 11:10:43'),
(778, 100173, 12, '2015-06-25 20:10:43', '2015-06-25 11:10:43'),
(779, 100173, 13, '2015-06-25 20:10:43', '2015-06-25 11:10:43'),
(780, 100173, 14, '2015-06-25 20:10:43', '2015-06-25 11:10:43'),
(781, 100173, 15, '2015-06-25 20:10:43', '2015-06-25 11:10:43'),
(782, 100173, 17, '2015-06-25 20:10:43', '2015-06-25 11:10:43'),
(783, 100173, 19, '2015-06-25 20:10:43', '2015-06-25 11:10:43'),
(784, 100173, 27, '2015-06-25 20:10:43', '2015-06-25 11:10:43'),
(785, 100174, 9, '2015-06-25 20:11:44', '2015-06-25 11:11:44'),
(786, 100174, 10, '2015-06-25 20:11:44', '2015-06-25 11:11:44'),
(787, 100174, 11, '2015-06-25 20:11:44', '2015-06-25 11:11:44'),
(788, 100174, 14, '2015-06-25 20:11:44', '2015-06-25 11:11:44'),
(789, 100174, 15, '2015-06-25 20:11:44', '2015-06-25 11:11:44'),
(790, 100174, 16, '2015-06-25 20:11:44', '2015-06-25 11:11:44'),
(791, 100174, 17, '2015-06-25 20:11:44', '2015-06-25 11:11:44'),
(726, 100175, 5, '2015-06-20 18:31:17', '2015-06-20 09:31:17'),
(818, 100176, 27, '2015-06-25 20:13:25', '2015-06-25 11:13:25'),
(817, 100176, 26, '2015-06-25 20:13:25', '2015-06-25 11:13:25'),
(816, 100176, 25, '2015-06-25 20:13:25', '2015-06-25 11:13:25'),
(815, 100176, 24, '2015-06-25 20:13:25', '2015-06-25 11:13:25'),
(814, 100176, 23, '2015-06-25 20:13:25', '2015-06-25 11:13:25'),
(813, 100176, 22, '2015-06-25 20:13:25', '2015-06-25 11:13:25'),
(812, 100176, 21, '2015-06-25 20:13:25', '2015-06-25 11:13:25'),
(811, 100176, 20, '2015-06-25 20:13:25', '2015-06-25 11:13:25'),
(810, 100176, 19, '2015-06-25 20:13:25', '2015-06-25 11:13:25'),
(809, 100176, 18, '2015-06-25 20:13:25', '2015-06-25 11:13:25'),
(808, 100176, 17, '2015-06-25 20:13:25', '2015-06-25 11:13:25'),
(807, 100176, 16, '2015-06-25 20:13:25', '2015-06-25 11:13:25'),
(806, 100176, 15, '2015-06-25 20:13:25', '2015-06-25 11:13:25'),
(805, 100176, 14, '2015-06-25 20:13:25', '2015-06-25 11:13:25'),
(804, 100176, 13, '2015-06-25 20:13:25', '2015-06-25 11:13:25'),
(803, 100176, 12, '2015-06-25 20:13:25', '2015-06-25 11:13:25'),
(802, 100176, 11, '2015-06-25 20:13:25', '2015-06-25 11:13:25'),
(801, 100176, 10, '2015-06-25 20:13:25', '2015-06-25 11:13:25'),
(800, 100176, 9, '2015-06-25 20:13:25', '2015-06-25 11:13:25'),
(799, 100176, 8, '2015-06-25 20:13:25', '2015-06-25 11:13:25'),
(798, 100176, 7, '2015-06-25 20:13:25', '2015-06-25 11:13:25'),
(797, 100176, 6, '2015-06-25 20:13:25', '2015-06-25 11:13:25'),
(796, 100176, 5, '2015-06-25 20:13:25', '2015-06-25 11:13:25'),
(795, 100176, 4, '2015-06-25 20:13:25', '2015-06-25 11:13:25'),
(794, 100176, 3, '2015-06-25 20:13:25', '2015-06-25 11:13:25'),
(793, 100176, 2, '2015-06-25 20:13:25', '2015-06-25 11:13:25'),
(792, 100176, 1, '2015-06-25 20:13:25', '2015-06-25 11:13:25'),
(825, 100177, 17, '2015-06-25 20:36:14', '2015-06-25 11:36:14'),
(822, 100178, 1, '2015-06-25 20:25:19', '2015-06-25 11:25:19'),
(823, 100178, 2, '2015-06-25 20:25:19', '2015-06-25 11:25:19'),
(824, 100178, 5, '2015-06-25 20:25:19', '2015-06-25 11:25:19'),
(826, 100179, 1, '2015-06-29 22:21:04', '2015-06-29 13:21:04'),
(827, 100179, 2, '2015-06-29 22:21:04', '2015-06-29 13:21:04'),
(828, 100179, 3, '2015-06-29 22:21:04', '2015-06-29 13:21:04'),
(829, 100179, 5, '2015-06-29 22:21:04', '2015-06-29 13:21:04'),
(830, 100179, 6, '2015-06-29 22:21:04', '2015-06-29 13:21:04'),
(831, 100179, 7, '2015-06-29 22:21:04', '2015-06-29 13:21:04'),
(832, 100179, 8, '2015-06-29 22:21:04', '2015-06-29 13:21:04'),
(833, 100179, 9, '2015-06-29 22:21:04', '2015-06-29 13:21:04'),
(834, 100179, 20, '2015-06-29 22:21:04', '2015-06-29 13:21:04'),
(835, 100179, 21, '2015-06-29 22:21:04', '2015-06-29 13:21:04');

-- --------------------------------------------------------

--
-- Table structure for table `features`
--

CREATE TABLE IF NOT EXISTS `features` (
  `id` int(11) NOT NULL AUTO_INCREMENT,
  `name` varchar(255) NOT NULL,
  `deleted` tinyint(1) NOT NULL DEFAULT '0',
  `created_at` datetime NOT NULL,
  `updated_at` timestamp NOT NULL DEFAULT CURRENT_TIMESTAMP ON UPDATE CURRENT_TIMESTAMP,
  PRIMARY KEY (`id`),
  KEY `deleted` (`deleted`)
) ENGINE=InnoDB  DEFAULT CHARSET=utf8 AUTO_INCREMENT=48 ;

--
-- Dumping data for table `features`
--

INSERT INTO `features` (`id`, `name`, `deleted`, `created_at`, `updated_at`) VALUES
(1, '認知症可', 0, '0000-00-00 00:00:00', '0000-00-00 00:00:00'),
(2, '交通便利', 0, '0000-00-00 00:00:00', '0000-00-00 00:00:00'),
(3, '買物便利', 0, '0000-00-00 00:00:00', '0000-00-00 00:00:00'),
(4, '環境静か', 0, '0000-00-00 00:00:00', '0000-00-00 00:00:00'),
(5, '自然豊か', 0, '0000-00-00 00:00:00', '0000-00-00 00:00:00'),
(6, '入居一時金', 0, '0000-00-00 00:00:00', '0000-00-00 00:00:00'),
(7, '初期償却なし', 0, '0000-00-00 00:00:00', '0000-00-00 00:00:00'),
(8, 'プラン選択可', 0, '0000-00-00 00:00:00', '0000-00-00 00:00:00'),
(9, '終身利用権', 0, '0000-00-00 00:00:00', '0000-00-00 00:00:00'),
(10, '分譲', 0, '0000-00-00 00:00:00', '0000-00-00 00:00:00'),
(11, '賃貸', 0, '0000-00-00 00:00:00', '0000-00-00 00:00:00'),
(12, 'サ高住', 0, '0000-00-00 00:00:00', '0000-00-00 00:00:00'),
(13, '24H看護', 0, '0000-00-00 00:00:00', '0000-00-00 00:00:00'),
(14, 'ターミナルケア', 0, '0000-00-00 00:00:00', '0000-00-00 00:00:00'),
(15, '口腔ケア', 0, '0000-00-00 00:00:00', '0000-00-00 00:00:00'),
(16, 'リハビリ充実', 0, '0000-00-00 00:00:00', '0000-00-00 00:00:00'),
(17, '手厚い人員配置', 0, '0000-00-00 00:00:00', '0000-00-00 00:00:00'),
(18, '二人部屋有', 0, '0000-00-00 00:00:00', '0000-00-00 00:00:00'),
(19, '部屋広い', 0, '0000-00-00 00:00:00', '0000-00-00 00:00:00'),
(20, '開設1年以内', 0, '0000-00-00 00:00:00', '0000-00-00 00:00:00'),
(21, '大浴場', 0, '0000-00-00 00:00:00', '0000-00-00 00:00:00'),
(22, '天然温泉', 0, '0000-00-00 00:00:00', '0000-00-00 00:00:00'),
(23, '屋上有', 0, '0000-00-00 00:00:00', '0000-00-00 00:00:00'),
(24, '娯楽施設有', 0, '0000-00-00 00:00:00', '0000-00-00 00:00:00'),
(25, '園芸', 0, '0000-00-00 00:00:00', '0000-00-00 00:00:00'),
(26, 'イベント多数', 0, '0000-00-00 00:00:00', '0000-00-00 00:00:00'),
(27, '入浴3回以上可', 0, '0000-00-00 00:00:00', '0000-00-00 00:00:00'),
(28, '体験入居可', 0, '0000-00-00 00:00:00', '0000-00-00 00:00:00'),
(29, 'グルメ', 0, '0000-00-00 00:00:00', '0000-00-00 00:00:00'),
(30, 'ペットOK', 0, '0000-00-00 00:00:00', '0000-00-00 00:00:00'),
(31, '介護ベット付', 0, '0000-00-00 00:00:00', '0000-00-00 00:00:00'),
(32, 'P有り', 0, '0000-00-00 00:00:00', '0000-00-00 00:00:00'),
(33, 'ショートステイ可', 0, '0000-00-00 00:00:00', '0000-00-00 00:00:00'),
(34, '居室トイレ付', 0, '0000-00-00 00:00:00', '0000-00-00 00:00:00'),
(35, '居室風呂付', 0, '0000-00-00 00:00:00', '0000-00-00 00:00:00'),
(36, '居室キッチン付', 0, '0000-00-00 00:00:00', '0000-00-00 00:00:00'),
(37, 'クリニック併設', 0, '0000-00-00 00:00:00', '0000-00-00 00:00:00'),
(38, 'デイ併設', 0, '0000-00-00 00:00:00', '0000-00-00 00:00:00'),
(39, '訪介併設', 0, '0000-00-00 00:00:00', '0000-00-00 00:00:00'),
(40, '介護充実', 0, '0000-00-00 00:00:00', '0000-00-00 00:00:00'),
(41, '夜間有人', 0, '0000-00-00 00:00:00', '0000-00-00 00:00:00'),
(42, '食事提供', 0, '0000-00-00 00:00:00', '0000-00-00 00:00:00'),
(43, '生活サポート有', 0, '0000-00-00 00:00:00', '0000-00-00 00:00:00'),
(44, '医療充実', 0, '0000-00-00 00:00:00', '0000-00-00 00:00:00'),
(45, '看護師常駐', 0, '0000-00-00 00:00:00', '0000-00-00 00:00:00'),
(46, 'コミュニティ', 0, '0000-00-00 00:00:00', '0000-00-00 00:00:00'),
(47, '介護士常駐', 0, '0000-00-00 00:00:00', '0000-00-00 00:00:00');

-- --------------------------------------------------------

--
-- Table structure for table `gengo`
--

CREATE TABLE IF NOT EXISTS `gengo` (
  `serial` varchar(100) NOT NULL,
  `お名前` varchar(100) NOT NULL,
  `ふりがな` varchar(100) NOT NULL,
  `生年月日` varchar(100) NOT NULL,
  `郵便番号` varchar(100) NOT NULL,
  `都道府県` varchar(100) NOT NULL,
  `市区町村` varchar(255) NOT NULL,
  `番地・建物名` varchar(255) NOT NULL,
  `携帯番号` varchar(100) NOT NULL,
  `メールアドレス` varchar(255) NOT NULL,
  `連絡の取りやすい時間帯` varchar(100) NOT NULL,
  `経験年数` varchar(100) NOT NULL,
  `入職希望時期` varchar(100) NOT NULL,
  `就業形態` varchar(100) NOT NULL,
  `就業状況` varchar(100) NOT NULL,
  `希望勤務地１` varchar(100) NOT NULL,
  `希望勤務地２` varchar(100) NOT NULL,
  `希望事業所形態` varchar(500) NOT NULL,
  `資格取得年` varchar(100) NOT NULL,
  `職務施設１` varchar(100) NOT NULL,
  `職務年数１` varchar(100) NOT NULL,
  `職務施設２` varchar(100) NOT NULL,
  `職務年数２` varchar(100) NOT NULL,
  `職務施設３` varchar(100) NOT NULL,
  `職務年数３` varchar(100) NOT NULL,
  `職務施設４` varchar(100) NOT NULL,
  `職務年数４` varchar(100) NOT NULL,
  `職務施設５` varchar(100) NOT NULL,
  `職務年数５` varchar(100) NOT NULL,
  `date` datetime NOT NULL,
  KEY `serial` (`serial`)
) ENGINE=InnoDB DEFAULT CHARSET=utf8;

--
-- Dumping data for table `gengo`
--

INSERT INTO `gengo` (`serial`, `お名前`, `ふりがな`, `生年月日`, `郵便番号`, `都道府県`, `市区町村`, `番地・建物名`, `携帯番号`, `メールアドレス`, `連絡の取りやすい時間帯`, `経験年数`, `入職希望時期`, `就業形態`, `就業状況`, `希望勤務地１`, `希望勤務地２`, `希望事業所形態`, `資格取得年`, `職務施設１`, `職務年数１`, `職務施設２`, `職務年数２`, `職務施設３`, `職務年数３`, `職務施設４`, `職務年数４`, `職務施設５`, `職務年数５`, `date`) VALUES
('201407170002', '神谷悠介', 'かみやゆうすけ', '1983-05-22', '', '', '', '', '09076103167', 'y.kamiya@summer-snow.co.jp', '12:00〜15:00', '5〜10年未満', '2ヶ月以内', '常勤', '在職中（退職時期未定）', '岩手県', '東京都', '病院（急性期）\nデイサービス', '2012', '', '', '', '', '', '', '', '', '', '', '2014-07-17 00:00:00'),
('201407170003', '神谷悠介', 'かみやゆうすけ', '2011-10-12', '', '', '', '', '09076103167', 'y.kamiya@summer-snow.co.jp', '12:00〜15:00', '10年以上', '1ヶ月以内', '常勤', '在職中（退職時期確定済み）', '福井県', '和歌山県', 'サ高住\nデイサービス', '1958', '', '', '', '', '', '', '', '', '', '', '2014-07-17 00:00:00'),
('201410020009', '神谷悠介', 'かみやゆうすけ', '1983-05-22', '1500045', '東京都', '渋谷区神泉町', '3-13-102', '09076103167', 'y.kamiya@summer-snow.co.jp', '9:00〜12:00', '1〜3年未満', '3ヶ月以内', '常勤', '在職中（退職時期未定）', '東京都', '', '病院（回復期）\n病院（ケアミックス）', '2014', '病院（回復期）', '3〜5年未満', '病院（総合）', '5〜10年未満', '病院（精神科）', '30〜35年未満', '病院（精神科）', '10〜15年未満', '病院（精神科）', '20〜25年未満', '2014-10-02 14:14:06'),
('201410020010', '宮崎　彰伸', 'みやざき', '1974-08-29', '2250002', '神奈川県', '横浜市青葉区美しが丘', '1-13-10　吉村ビル', '09065980300', 'aki@broz.jp', '12:00〜15:00', '3〜5年未満', '2ヶ月以内', '常勤', '在職中（退職時期未定）', '神奈川県', '', '訪問看護・リハ', '2006', 'グループホーム', '3〜5年未満', '', '', '', '', '', '', '', '', '2014-10-02 14:19:57'),
('201411200014', '辻本範子', 'つじもとのりこ', '1976-06-22', '5192202', '三重県', '多気郡多気町下出江', '365', '09041949173', 'nt7460b.ncp31@ezweb.ne.jp', '12:00〜15:00', '10年以上', '6ヶ月以内', '常勤', '離職中', '三重県', '', '老健\n訪問看護・リハ\nクリニック（外来）\n小児施設', '1999', 'デイサービス', '1年未満', 'デイケア', '1年未満', '老健', '10〜15年未満', '', '', '', '', '2014-11-20 07:39:03'),
('201412010016', '久留米　直子', 'くるめなおこ', '1987-12-25', '1770032', '東京都', '練馬区谷原', '6', '080-9398-0110', 'ikuze1101@yahoo.co.jp', '9:00〜12:00', '1年未満', '12ヶ月以内', 'こだわらない', '離職中', '東京都', '', '', '2004', '有料', '1年未満', '', '', '', '', '', '', '', '', '2014-12-01 10:29:28'),
('201501010018', '関根瑞桃', 'せきねみなも', '1988-03-04', '2220022', '神奈川県', '横浜市港北区篠原東', '3-14-2', '09014350308', 'blanche-minamo@k8.dion.ne.jp', '18:00～21:00', '1年未満', '6ヶ月以内', '常勤', '在職中（退職時期未定）', '神奈川県', '東京都', '病院（回復期）\n病院（総合）\n老健\n訪問看護・リハ', '2014', '病院（総合）', '1年未満', '', '', '', '', '', '', '', '', '2015-01-01 09:52:11'),
('201504030019', '森井亜悠美', 'もりいあゆみ', '1991-04-07', '6900859', '島根県', '松江市国屋町', '227-7', '080-2915-3706', 'ayu.snow1207@docomo.ne.jp', '18:00～21:00', '1～3年未満', '6ヶ月以内', '常勤', '在職中（退職時期未定）', '島根県', '広島県', '病院（回復期）\n病院（ケアミックス）', '2014', '病院（回復期）', '1～3年未満', '', '', '', '', '', '', '', '', '2015-04-03 22:15:50'),
('201504070020', '森井亜悠美', 'もりいあゆみ', '1991-04-07', '6900859', '島根県', '松江市国屋町', '227-7', '080-2915-3706', 'ayu.snow1207@docomo.ne.jp', '18:00～21:00', '1～3年未満', '6ヶ月以内', '', '在職中（退職時期未定）', '島根県', '広島県', '病院（回復期）\n病院（ケアミックス）', '2014', '病院（回復期）', '1～3年未満', '', '', '', '', '', '', '', '', '2015-04-07 13:06:14'),
('201505170021', '伊藤実', 'いとうみのる', '1985-11-10', '1350004', '東京都', '江東区森下', '４－９－４', '07028226091', 'itoh593@yahoo.co.jp', '18:00～21:00', '3～5年未満', '2ヶ月以内', '常勤', '', '東京都', '', '病院（総合）', '2010', '病院（総合）', '3～5年未満', '', '', '', '', '', '', '', '', '2015-05-17 23:18:30'),
('201505210022', '小林悦子', 'こばやしえつこ', '1985-04-30', '1050011', '東京都', '港区芝公園', '１－２－１７－５階', '08080866982', 'kobay8@yahoo.co.jp', '18:00～21:00', '3～5年未満', '2ヶ月以内', '常勤', '', '東京都', '', '病院（総合）\n病院（外来）', '2011', '病院（総合）', '1～3年未満', '病院（外来）', '1～3年未満', '', '', '', '', '', '', '2015-05-21 21:39:11'),
('201506020023', '吉田美穂', 'よしだみほ', '1985-12-07', '1300013', '東京都', '墨田区錦糸', '１－１３－１－４F', '08081308642', 'yosd33@excite.co.jp', '18:00～21:00', '3～5年未満', '2ヶ月以内', '常勤', '', '東京都', '', '病院（総合）\n病院（外来）', '2010', '病院（総合）', '1～3年未満', '病院（外来）', '1～3年未満', '', '', '', '', '', '', '2015-06-02 20:02:03'),
('201506070024', '坂東　章吾', 'ばんどうしょうご', '1974-09-13', '1930944', '東京都', '八王子市館町', '618-10', '090-1267-5238', 'sb4974.319@ezweb.ne.jp', '18:00～21:00', '1～3年未満', '6ヶ月以内', '常勤', '在職中（退職時期未定）', '東京都', '神奈川県', '病院（急性期）\n病院（回復期）\n病院（療養型）\n病院（総合）\n老健', '2013', '病院（急性期）', '1～3年未満', '', '', '', '', '', '', '', '', '2015-06-07 17:31:59'),
('201506120025', '井上里香', 'いのうえりか', '1983-09-09', '1200034', '東京都', '足立区千住', '５－４－７', '07028027652', 'ino194@zoho.com', '18:00～21:00', '3～5年未満', '1ヶ月以内', '常勤', '', '東京都', '埼玉県', '病院（総合）', '2009', '病院（総合）', '3～5年未満', '', '', '', '', '', '', '', '', '2015-06-12 21:09:01'),
('201506290026', '久保　宗義', 'くぼ　むねよし', '1972-01-18', '5960044', '大阪府', '岸和田市西之内町', '52-26', '090-3496-9532', 'rgv-gamma250.fnlsp2@ezweb.ne.jp', '18:00～21:00', '3～5年未満', '6ヶ月以内', '常勤', '在職中（退職時期未定）', '大阪府', '', '病院（回復期）\n病院（療養型）\n老健\n特養\nデイサービス\n訪問看護・リハ', '2011', 'その他', '1～3年未満', '障害者施設', '3～5年未満', '訪問介護', '1～3年未満', '訪問介護', '1～3年未満', '病院（回復期）', '3～5年未満', '2015-06-29 22:36:23');

-- --------------------------------------------------------

--
-- Table structure for table `institutions`
--

CREATE TABLE IF NOT EXISTS `institutions` (
  `id` int(11) NOT NULL AUTO_INCREMENT,
  `name` varchar(100) NOT NULL,
  `furigana` varchar(100) NOT NULL,
  `postalcode` varchar(50) NOT NULL,
  `prefecture_id` int(11) NOT NULL,
  `address` varchar(255) NOT NULL,
  `tel` varchar(50) NOT NULL,
  `fax` varchar(50) NOT NULL,
  `email` varchar(255) NOT NULL,
  `url` varchar(255) NOT NULL,
  `contact_person_name` varchar(100) NOT NULL,
  `contact_person_title` varchar(100) NOT NULL,
  `contact_method` varchar(255) NOT NULL,
  `note_count` int(11) NOT NULL DEFAULT '0',
  `deleted` tinyint(1) NOT NULL DEFAULT '0',
  `created_at` datetime NOT NULL,
  `updated_at` timestamp NOT NULL DEFAULT CURRENT_TIMESTAMP ON UPDATE CURRENT_TIMESTAMP,
  PRIMARY KEY (`id`)
) ENGINE=InnoDB  DEFAULT CHARSET=utf8 AUTO_INCREMENT=2 ;

--
-- Dumping data for table `institutions`
--

INSERT INTO `institutions` (`id`, `name`, `furigana`, `postalcode`, `prefecture_id`, `address`, `tel`, `fax`, `email`, `url`, `contact_person_name`, `contact_person_title`, `contact_method`, `note_count`, `deleted`, `created_at`, `updated_at`) VALUES
(1, 'ジモティライフ訪問看護ステーション', 'ジモティライフほうもんかんごすてーしょん', '2250002', 14, '横浜市青葉区美しが丘1-13-10', '0459053340', '0459053341', 'aki@broz.jp', '', '宮崎', '', 'どちらでも', 0, 0, '2015-05-30 13:19:06', '2015-05-30 04:19:06');

-- --------------------------------------------------------

--
-- Table structure for table `institution_features`
--

CREATE TABLE IF NOT EXISTS `institution_features` (
  `id` int(11) NOT NULL AUTO_INCREMENT,
  `institution_id` int(11) NOT NULL,
  `feature_id` int(11) NOT NULL,
  `created_at` datetime NOT NULL,
  `updated_at` timestamp NOT NULL DEFAULT CURRENT_TIMESTAMP ON UPDATE CURRENT_TIMESTAMP,
  PRIMARY KEY (`id`),
  KEY `institution_id` (`institution_id`,`feature_id`)
) ENGINE=InnoDB DEFAULT CHARSET=utf8 AUTO_INCREMENT=1 ;

-- --------------------------------------------------------

--
-- Table structure for table `institution_nursing_facilities`
--

CREATE TABLE IF NOT EXISTS `institution_nursing_facilities` (
  `id` int(11) NOT NULL AUTO_INCREMENT,
  `institution_id` int(11) NOT NULL,
  `maximum_acceptance` varchar(255) NOT NULL,
  `acceptance_level` int(2) DEFAULT NULL,
  `dementia_patient_support_status` tinyint(1) NOT NULL DEFAULT '0',
  `dementia_supported_symptoms` text NOT NULL,
  `chronic_disease_support_status` tinyint(1) NOT NULL DEFAULT '0',
  `chronic_disease_supported_symptoms` text NOT NULL,
  `medical_support_status` tinyint(1) NOT NULL DEFAULT '0',
  `medical_support_detail` text,
  `oxygen_day_in_liter` varchar(100) DEFAULT NULL,
  `oxygen_night_in_liter` varchar(100) DEFAULT NULL,
  `insulin_per_day` int(2) NOT NULL DEFAULT '0',
  `insulin_timing` varchar(255) DEFAULT NULL,
  `suction_of_phlegm_per_day` int(2) NOT NULL DEFAULT '0',
  `artificial_dialysis_per_week` int(2) NOT NULL DEFAULT '0',
  `medical_aid_at_night` tinyint(1) NOT NULL DEFAULT '0',
  `nursing_services` text,
  `other_requirements` text,
  `created_at` datetime NOT NULL,
  `updated_at` timestamp NOT NULL DEFAULT CURRENT_TIMESTAMP ON UPDATE CURRENT_TIMESTAMP,
  PRIMARY KEY (`id`),
  KEY `institution_id` (`institution_id`)
) ENGINE=InnoDB  DEFAULT CHARSET=utf8 AUTO_INCREMENT=2 ;

--
-- Dumping data for table `institution_nursing_facilities`
--

INSERT INTO `institution_nursing_facilities` (`id`, `institution_id`, `maximum_acceptance`, `acceptance_level`, `dementia_patient_support_status`, `dementia_supported_symptoms`, `chronic_disease_support_status`, `chronic_disease_supported_symptoms`, `medical_support_status`, `medical_support_detail`, `oxygen_day_in_liter`, `oxygen_night_in_liter`, `insulin_per_day`, `insulin_timing`, `suction_of_phlegm_per_day`, `artificial_dialysis_per_week`, `medical_aid_at_night`, `nursing_services`, `other_requirements`, `created_at`, `updated_at`) VALUES
(1, 1, '', NULL, 0, '', 0, '', 0, NULL, '', '', 0, NULL, 0, 0, 0, NULL, '', '0000-00-00 00:00:00', '2015-05-30 04:19:06');

-- --------------------------------------------------------

--
-- Table structure for table `institution_residency_requirements`
--

CREATE TABLE IF NOT EXISTS `institution_residency_requirements` (
  `id` int(11) NOT NULL AUTO_INCREMENT,
  `institution_id` int(11) NOT NULL,
  `vacant_rooms` varchar(255) NOT NULL,
  `vacant_single_rooms` varchar(255) NOT NULL,
  `vacant_family_rooms` varchar(255) NOT NULL,
  `scheduled_moving_type` varchar(255) NOT NULL,
  `single_room_status` varchar(255) NOT NULL,
  `family_room_status` varchar(255) NOT NULL,
  `moving_in_cost_per_person` varchar(255) NOT NULL,
  `monthly_cost_per_person` varchar(255) NOT NULL,
  `repayment_lump_sum` varchar(255) NOT NULL,
  `repayment_period` varchar(255) NOT NULL,
  `refund` varchar(255) NOT NULL,
  `created_at` datetime NOT NULL,
  `updated_at` timestamp NOT NULL DEFAULT CURRENT_TIMESTAMP ON UPDATE CURRENT_TIMESTAMP,
  PRIMARY KEY (`id`),
  KEY `institution_id` (`institution_id`)
) ENGINE=InnoDB  DEFAULT CHARSET=utf8 AUTO_INCREMENT=2 ;

--
-- Dumping data for table `institution_residency_requirements`
--

INSERT INTO `institution_residency_requirements` (`id`, `institution_id`, `vacant_rooms`, `vacant_single_rooms`, `vacant_family_rooms`, `scheduled_moving_type`, `single_room_status`, `family_room_status`, `moving_in_cost_per_person`, `monthly_cost_per_person`, `repayment_lump_sum`, `repayment_period`, `refund`, `created_at`, `updated_at`) VALUES
(1, 1, '', '', '', '', '', '', '', '', '', '', '', '0000-00-00 00:00:00', '2015-05-30 04:19:06');

-- --------------------------------------------------------

--
-- Table structure for table `notes`
--

CREATE TABLE IF NOT EXISTS `notes` (
  `id` int(11) NOT NULL AUTO_INCREMENT,
  `target_id` int(11) NOT NULL,
  `type` varchar(100) NOT NULL,
  `date_time` datetime NOT NULL,
  `remarks` text NOT NULL,
  `deleted` tinyint(1) NOT NULL DEFAULT '0',
  `created_at` datetime NOT NULL,
  `updated_at` timestamp NOT NULL DEFAULT CURRENT_TIMESTAMP ON UPDATE CURRENT_TIMESTAMP,
  PRIMARY KEY (`id`),
  KEY `target_id` (`target_id`,`type`,`date_time`)
) ENGINE=InnoDB  DEFAULT CHARSET=utf8 AUTO_INCREMENT=56 ;

--
-- Dumping data for table `notes`
--

INSERT INTO `notes` (`id`, `target_id`, `type`, `date_time`, `remarks`, `deleted`, `created_at`, `updated_at`) VALUES
(1, 100040, 'Applicant', '2014-11-28 13:45:00', 'ショートメールにて返信アリ。\r\n少し考えてから必要性を感じてから連絡しますとのこと。', 0, '2014-11-28 15:56:45', '2014-11-28 06:56:45'),
(2, 100021, 'Applicant', '2014-11-26 20:45:00', '西川口訪問看護リハビリテーションのご紹介メール関しての返信。\r\n\r\n祝日休みがないので辞退しますとのこと。', 0, '2014-11-28 15:58:47', '2014-11-28 06:58:47'),
(3, 100034, 'Applicant', '2014-12-10 21:10:00', '電話にて資格証明書の確認のTELを入れる。', 0, '2014-12-10 21:10:54', '2014-12-10 12:10:54'),
(4, 100127, 'Applicant', '2015-01-05 19:50:00', '2016年か2017年4月の転職希望。\r\nただ、情報登録して情報交換をしたかった感じです。\r\n\r\n意味なし。\r\nアフィリエイト怖いなぁー(;_;)', 0, '2015-01-05 20:12:23', '2015-01-05 11:12:23'),
(5, 100128, 'Applicant', '2015-01-07 19:40:00', '1/7　TEL　\r\n転職先の優先順位\r\n１、職場（回復期・外来）\r\n２、場所（熊本市）\r\n３、雰囲気', 0, '2015-01-07 20:01:02', '2015-01-07 11:01:02'),
(6, 100126, 'Applicant', '2015-01-07 19:40:00', '1/7　TEL　\r\n転職先の優先順位\r\n１、職場（回復期・外来）\r\n２、場所（熊本市）\r\n３、雰囲気', 0, '2015-01-07 20:01:47', '2015-01-07 11:01:47'),
(7, 100128, 'Applicant', '2015-01-07 19:30:00', '1/7　TEL不在（留守電入れる）', 0, '2015-01-07 20:02:15', '2015-01-07 11:02:15'),
(8, 100133, 'Applicant', '2015-01-19 20:25:00', '1/19　電話番号悪用されているそうです。', 0, '2015-01-19 20:24:35', '2015-01-19 11:24:35'),
(9, 100128, 'Applicant', '2015-01-19 20:25:12', '1/15\r\n1/19　　留守電入れるも折り返しなし。', 0, '2015-01-19 20:25:12', '2015-01-19 11:25:12'),
(10, 100126, 'Applicant', '2015-01-21 13:45:00', '桜十字病院　http://www.sakurajyuji.or.jp/\r\n転職紹介OK。\r\n詳細を上田に伝え結論をもらう。', 0, '2015-01-21 13:52:03', '2015-01-21 04:52:03'),
(11, 100126, 'Applicant', '2015-01-21 15:47:17', '人事担当　東さん', 0, '2015-01-21 15:47:17', '2015-01-21 06:47:17'),
(12, 100135, 'Applicant', '2015-01-21 20:15:00', 'いたずら問い合わせ。\r\n携帯圏外', 0, '2015-01-21 20:22:52', '2015-01-21 11:22:52'),
(13, 100134, 'Applicant', '2015-01-21 20:23:06', '本人確認OK', 0, '2015-01-21 20:23:06', '2015-01-21 11:23:06'),
(14, 100126, 'Applicant', '2015-01-21 20:20:00', '知り合いの人の紹介のところに行こうかな！？と思っている。\r\n\r\n桜十字病院は聞いたのですが評判があまり良くないみたいなので・・・。\r\n今回は遠慮します。\r\n\r\n', 0, '2015-01-21 20:24:22', '2015-01-21 11:24:22'),
(15, 100134, 'Applicant', '2015-02-16 15:03:00', '西条市民病院\r\n月収205000円（賞与は年収二カ月分で年二回）\r\n資格手当8000円\r\n精金手当7000円\r\n通勤手当13900円、住宅手当14300円\r\n求める人材は「まじめで病院の方針に沿って仕事してくれる人」\r\n人事担当高橋様（tel0898724111）\r\n面談は木曜以外の午前中\r\n', 0, '2015-02-16 15:05:16', '2015-02-16 06:05:16'),
(16, 100021, 'Applicant', '2015-02-19 21:16:53', '・退職確定日　3月末　入職日は4月以降。\r\n・現在、　脳神経センター　太田記念病院（福山市　http://www.shouwa.or.jp/）勤務　5年目\r\n　職歴は、同じ病院で現在、午前中は急性期を見て、午後は訪問リハをしている感じなので①と②にしています。\r\n・現年収　400万　／　　希望年収　400万以上（最低でも同じくらい）\r\n・現在の休日は土日。\r\n・今回の大阪については彼女は大阪にいるので色々と準備があってのことだと言ってます。\r\n・アフィリエイトからの問い合わせなので資格証をFAXをもらって本当に理学療法士なのか！？確認後に業務スタートとなります。\r\n', 0, '2015-02-19 21:16:53', '2015-02-19 12:16:53'),
(17, 100132, 'Applicant', '2015-02-25 18:07:46', '他社内定済み。\r\n喜連瓜破の医療法人（年収370万固定条件にて）', 0, '2015-02-25 18:07:46', '2015-02-25 09:07:46'),
(18, 100134, 'Applicant', '2015-03-02 18:28:49', '西条市民病院　人事担当　高橋美奈　　　　　　　　　　　　　　　　　　　　　　　面接日…3月25日（水）15時　\r\n当日、高橋様に面接をしていただく旨を受付で伝えればよいとのことです。', 0, '2015-03-02 18:28:49', '2015-03-02 09:28:49'),
(19, 100139, 'Applicant', '2015-03-05 14:45:58', 'アフィリエイトのいたずら登録', 0, '2015-03-05 14:45:58', '2015-03-05 05:45:58'),
(20, 100138, 'Applicant', '2015-03-05 14:46:03', 'アフィリエイトのいたずら登録', 0, '2015-03-05 14:46:03', '2015-03-05 05:46:03'),
(21, 100142, 'Applicant', '2015-03-11 22:25:38', 'いたずら・・・。\r\n同じ携帯番号。。。', 0, '2015-03-11 22:25:38', '2015-03-11 13:25:38'),
(22, 100143, 'Applicant', '2015-03-13 18:47:44', '資格証受信済み', 0, '2015-03-13 18:47:44', '2015-03-13 09:47:44'),
(23, 100141, 'Applicant', '2015-03-13 18:48:31', '資格証受信済み', 0, '2015-03-13 18:48:31', '2015-03-13 09:48:31'),
(24, 100144, 'Applicant', '2015-03-16 20:11:28', '本日不在。\r\nいたずらの可能性大。', 0, '2015-03-16 20:11:28', '2015-03-16 11:11:28'),
(25, 100137, 'Applicant', '2015-03-16 20:11:52', '他社内定。', 0, '2015-03-16 20:11:52', '2015-03-16 11:11:52'),
(26, 100143, 'Applicant', '2015-03-30 12:50:00', '面談日確定！\r\n4／4　16：00～　', 0, '2015-03-30 12:50:19', '2015-03-30 03:50:19'),
(27, 100141, 'Applicant', '2015-03-30 17:33:07', '他社内定確定済み。（3／24他社面談で・・・）', 0, '2015-03-30 17:33:07', '2015-03-30 08:33:07'),
(28, 100145, 'Applicant', '2015-03-30 17:33:38', '内容おかしい。\r\nステマ。', 0, '2015-03-30 17:33:38', '2015-03-30 08:33:38'),
(29, 100148, 'Applicant', '2015-04-08 10:57:28', '資格証送付済み。', 0, '2015-04-08 10:57:28', '2015-04-08 01:57:28'),
(30, 100146, 'Applicant', '2015-04-08 18:20:25', '資格証くれず。\r\n辞退。\r\n', 0, '2015-04-08 18:20:25', '2015-04-08 09:20:25'),
(31, 100150, 'Applicant', '2015-04-10 22:53:32', 'アイディメディカル／PTOTSTワーカー　に人材紹介会社依頼経験アリ。\r\n\r\n・姫路愛和病院　http://aiwahp.or.jp/hospital/\r\n・高砂西部病院　http://www.takasagoseibu.jp/index.html\r\n・老人保健施設　ゆめさき　http://www.yumesaki.gr.jp/\r\n・訪問看護リハビリステーション癒々　http://imone.jp/index.html\r\n\r\n癒々は内定もらって辞退の履歴アリ。', 0, '2015-04-10 22:53:32', '2015-04-10 13:53:32'),
(32, 100151, 'Applicant', '2015-04-13 23:15:40', '1年後の転職を目指している。\r\n今回は他の人の転職の状況や給与水準を聞きたかった。', 0, '2015-04-13 23:15:40', '2015-04-13 14:15:40'),
(33, 100148, 'Applicant', '2015-04-17 13:23:14', '■医療法人社団　光仁会 　梶川病院\r\nHP：　http://www.koujinkai.org/index.html\r\n\r\n現在、PT：8名／OT：3名／ST：4名（うち1名は産休中です）の体制でやられてます。\r\n\r\nこちらの人事担当の方とお話をしまして一番のメリットは「休日」にあります。\r\nhttp://www.kajikawa.or.jp/kajihos_recruit.htm\r\nこちらの採用情報にもありますように、\r\n休日　月10回（ローテーション）／有給消化率　70％を超える。\r\n残業時間も月10時間程度であり仕事とプライベートのメリハリがありワークライ\r\nフバランスを\r\n意識をしているとのことです。\r\n\r\n年収ベースも経験2年～3年で350万円前後のようです。\r\n月収で手当て込みで額面で255,000円～263,000円（残業代は別です）のようです。\r\n', 0, '2015-04-17 13:23:14', '2015-04-17 04:23:14'),
(34, 100150, 'Applicant', '2015-04-20 21:21:52', '■転職理由\r\n現在、非常勤で労働環境の悪い病院で働いていて1年に常勤にするといわれたものの未だに非常勤（賞与なし）でフル出勤。\r\n結構、リスク管理の高い患者さんを診ており未経験者なので不安が大きい。\r\nそれに伴って、自分自身のコミュニケーション能力や対人関係などに不安を持っている様子です。\r\n出来れば、残業少なく・日祝日が休みのあるところで、もう少し余裕を持った勤務をしたいと思っている。\r\nこちらからの提案として、病院形態の組織ではなく介護事業者（デイケア・デイサービス）や訪問看護事業所で組織的にフラットな事業所を提案。\r\n', 0, '2015-04-20 21:21:52', '2015-04-20 12:21:52'),
(35, 100157, 'Applicant', '2015-04-29 00:57:40', '7月より語学留学でフィリピンで行く予定。\r\n転職も来年4月予定。', 0, '2015-04-29 00:57:40', '2015-04-28 15:57:40'),
(36, 100157, 'Applicant', '2015-04-29 00:58:03', '恐らく脈なしのため現状は後追いせず。', 0, '2015-04-29 00:58:03', '2015-04-28 15:58:03'),
(37, 100154, 'Applicant', '2015-05-01 01:06:20', '連絡有り', 0, '2015-05-01 01:06:20', '2015-04-30 16:06:20'),
(38, 100156, 'Applicant', '2015-05-15 19:13:51', '冷やかし', 0, '2015-05-15 19:13:51', '2015-05-15 10:13:51'),
(39, 100159, 'Applicant', '2015-05-15 19:14:07', '一度繋がったが、それ以降な繋がらない', 0, '2015-05-15 19:14:07', '2015-05-15 10:14:07'),
(40, 100160, 'Applicant', '2015-05-15 19:14:32', '5/18（月）　9：30　～　面談予定　', 0, '2015-05-15 19:14:32', '2015-05-15 10:14:32'),
(41, 100154, 'Applicant', '2015-05-15 19:33:54', '先方よりお断り・・・', 0, '2015-05-15 19:33:54', '2015-05-15 10:33:54'),
(42, 100157, 'Applicant', '2015-05-16 15:49:00', 'ｗｗｗｗ\r\n', 0, '2015-05-16 15:50:02', '2015-05-16 06:50:02'),
(43, 100163, 'Applicant', '2015-05-19 18:55:00', '電源が入ってない', 0, '2015-05-19 18:55:00', '2015-05-19 09:55:00'),
(44, 100162, 'Applicant', '2015-05-19 18:55:27', '電源が入ってない', 0, '2015-05-19 18:55:27', '2015-05-19 09:55:27'),
(45, 100161, 'Applicant', '2015-05-19 18:56:13', '何も情報くれないので人事カウンセリングできず終了。', 0, '2015-05-19 18:56:13', '2015-05-19 09:56:13'),
(46, 100166, 'Applicant', '2015-05-25 18:40:33', '自作自演', 0, '2015-05-25 18:40:33', '2015-05-25 09:40:33'),
(47, 100165, 'Applicant', '2015-05-25 18:40:41', '自作自演', 0, '2015-05-25 18:40:41', '2015-05-25 09:40:41'),
(48, 100164, 'Applicant', '2015-05-25 18:40:48', '自作自演', 0, '2015-05-25 18:40:48', '2015-05-25 09:40:48'),
(49, 100167, 'Applicant', '2015-06-02 20:05:43', '他社内定済み', 0, '2015-06-02 20:05:43', '2015-06-02 11:05:43'),
(50, 100175, 'Applicant', '2015-06-20 18:31:57', '悪質アフィリサイト', 0, '2015-06-20 18:31:57', '2015-06-20 09:31:57'),
(51, 100171, 'Applicant', '2015-06-20 18:35:48', '電話音声通話不可能', 0, '2015-06-20 18:35:48', '2015-06-20 09:35:48'),
(52, 100172, 'Applicant', '2015-06-20 18:36:09', '悪質アフィリエイト', 0, '2015-06-20 18:36:09', '2015-06-20 09:36:09'),
(53, 100168, 'Applicant', '2015-06-20 18:38:05', '悪質アフィリエイト', 0, '2015-06-20 18:38:05', '2015-06-20 09:38:05'),
(54, 100169, 'Applicant', '2015-06-20 18:38:32', '悪質アフィリエイト', 0, '2015-06-20 18:38:32', '2015-06-20 09:38:32'),
(55, 100178, 'Applicant', '2015-06-25 20:25:00', '・桜十字福岡病院\r\n・あべ整形外科クリニック\r\n以上、面接否決。\r\n\r\n・武田病院（城南区）\r\n・長尾病院（城南区）\r\n以上、履歴書送付済み。', 0, '2015-06-25 20:25:00', '2015-06-25 11:25:00');

-- --------------------------------------------------------

--
-- Table structure for table `nursing_welfare_consulters`
--

CREATE TABLE IF NOT EXISTS `nursing_welfare_consulters` (
  `id` int(11) NOT NULL AUTO_INCREMENT,
  `name` varchar(100) NOT NULL,
  `furigana` varchar(100) NOT NULL,
  `gender` varchar(20) NOT NULL,
  `postalcode` varchar(50) NOT NULL,
  `prefecture_id` int(11) NOT NULL,
  `address` varchar(255) NOT NULL,
  `tel` varchar(50) NOT NULL,
  `fax` varchar(50) NOT NULL,
  `email` varchar(255) NOT NULL,
  `contact_method` varchar(255) NOT NULL,
  `scheduled_occupancy_timing` varchar(255) NOT NULL,
  `desired_area` varchar(255) NOT NULL,
  `scheduled_occupancy_type` varchar(255) NOT NULL,
  `scheduled_moving_type` varchar(255) NOT NULL,
  `required_tenant_form` varchar(255) NOT NULL,
  `moving_in_cost_per_person` varchar(255) NOT NULL,
  `monthly_cost_per_person` varchar(255) NOT NULL,
  `required_facilities` text NOT NULL,
  `note_count` int(11) NOT NULL DEFAULT '0',
  `deleted` tinyint(1) NOT NULL DEFAULT '0',
  `created_at` datetime NOT NULL,
  `updated_at` timestamp NOT NULL DEFAULT CURRENT_TIMESTAMP ON UPDATE CURRENT_TIMESTAMP,
  PRIMARY KEY (`id`)
) ENGINE=InnoDB DEFAULT CHARSET=utf8 AUTO_INCREMENT=1 ;

-- --------------------------------------------------------

--
-- Table structure for table `nursing_welfare_patients`
--

CREATE TABLE IF NOT EXISTS `nursing_welfare_patients` (
  `id` int(11) NOT NULL AUTO_INCREMENT,
  `nursing_welfare_consulter_id` int(11) NOT NULL,
  `name` varchar(100) NOT NULL COMMENT 'お名前',
  `furigana` varchar(100) NOT NULL COMMENT 'ふりがな',
  `gender` varchar(20) NOT NULL COMMENT '性別',
  `date_of_birth` date NOT NULL COMMENT '生年月日',
  `maximum_acceptance` varchar(255) NOT NULL,
  `acceptance_level` int(2) DEFAULT NULL,
  `dementia_patient_support_status` tinyint(1) NOT NULL DEFAULT '0',
  `dementia_supported_symptoms` text NOT NULL,
  `chronic_disease_support_status` tinyint(1) NOT NULL DEFAULT '0',
  `chronic_disease_supported_symptoms` text NOT NULL,
  `medical_support_status` tinyint(1) NOT NULL DEFAULT '0',
  `medical_support_detail` text NOT NULL,
  `oxygen_day_in_liter` varchar(100) DEFAULT NULL,
  `oxygen_night_in_liter` varchar(100) DEFAULT NULL,
  `insulin_per_day` int(2) NOT NULL DEFAULT '0',
  `insulin_timing` varchar(255) DEFAULT NULL,
  `suction_of_phlegm_per_day` int(2) NOT NULL DEFAULT '0',
  `artificial_dialysis_per_week` int(2) NOT NULL DEFAULT '0',
  `medical_aid_at_night` tinyint(1) NOT NULL DEFAULT '0',
  `nursing_services` text NOT NULL,
  `other_requirements` text NOT NULL,
  `created_at` datetime NOT NULL,
  `updated_at` timestamp NOT NULL DEFAULT CURRENT_TIMESTAMP ON UPDATE CURRENT_TIMESTAMP,
  PRIMARY KEY (`id`),
  KEY `nursing_welfare_consulter_id` (`nursing_welfare_consulter_id`)
) ENGINE=InnoDB DEFAULT CHARSET=utf8 AUTO_INCREMENT=1 ;

-- --------------------------------------------------------

--
-- Table structure for table `prefectures`
--

CREATE TABLE IF NOT EXISTS `prefectures` (
  `id` int(4) NOT NULL DEFAULT '0' COMMENT '都道府県ID',
  `ken_name` varchar(32) NOT NULL COMMENT '県名',
  `division` varchar(4) NOT NULL COMMENT '都道府県',
  `prefecture_name` varchar(32) NOT NULL,
  `area_id` int(2) NOT NULL,
  PRIMARY KEY (`id`)
) ENGINE=MyISAM DEFAULT CHARSET=utf8 COMMENT='マスター　都道府県情報';

--
-- Dumping data for table `prefectures`
--

INSERT INTO `prefectures` (`id`, `ken_name`, `division`, `prefecture_name`, `area_id`) VALUES
(1, '北海道', '', '北海道', 1),
(2, '青森', '県', '青森県', 1),
(3, '岩手', '県', '岩手県', 1),
(4, '宮城', '県', '宮城県', 1),
(5, '秋田', '県', '秋田県', 1),
(6, '山形', '県', '山形県', 1),
(7, '福島', '県', '福島県', 1),
(8, '茨城', '県', '茨城県', 2),
(9, '栃木', '県', '栃木県', 2),
(10, '群馬', '県', '群馬県', 2),
(11, '埼玉', '県', '埼玉県', 2),
(12, '千葉', '県', '千葉県', 2),
(13, '東京', '都', '東京都', 2),
(14, '神奈川', '県', '神奈川県', 2),
(15, '山梨', '県', '山梨県', 3),
(16, '長野', '県', '長野県', 3),
(17, '新潟', '県', '新潟県', 3),
(18, '富山', '県', '富山県', 4),
(19, '石川', '県', '石川県', 4),
(20, '福井', '県', '福井県', 4),
(21, '岐阜', '県', '岐阜県', 5),
(22, '静岡', '県', '静岡県', 5),
(23, '愛知', '県', '愛知県', 5),
(24, '三重', '県', '三重県', 5),
(25, '滋賀', '県', '滋賀県', 6),
(26, '京都', '府', '京都府', 6),
(27, '大阪', '府', '大阪府', 6),
(28, '兵庫', '県', '兵庫県', 6),
(29, '奈良', '県', '奈良県', 6),
(30, '和歌山', '県', '和歌山県', 6),
(31, '鳥取', '県', '鳥取県', 7),
(32, '島根', '県', '島根県', 7),
(33, '岡山', '県', '岡山県', 7),
(34, '広島', '県', '広島県', 7),
(35, '山口', '県', '山口県', 7),
(36, '徳島', '県', '徳島県', 8),
(37, '香川', '県', '香川県', 8),
(38, '愛媛', '県', '愛媛県', 8),
(39, '高知', '県', '高知県', 8),
(40, '福岡', '県', '福岡県', 9),
(41, '佐賀', '県', '佐賀県', 9),
(42, '長崎', '県', '長崎県', 9),
(43, '熊本', '県', '熊本県', 9),
(44, '大分', '県', '大分県', 9),
(45, '宮崎', '県', '宮崎県', 9),
(46, '鹿児島', '県', '鹿児島県', 9),
(47, '沖縄', '県', '沖縄県', 9),
(48, 'その他', '', 'その他', 0);

-- --------------------------------------------------------

--
-- Table structure for table `reha_works`
--

CREATE TABLE IF NOT EXISTS `reha_works` (
  `serial` varchar(100) NOT NULL,
  `お名前` varchar(100) NOT NULL,
  `ふりがな` varchar(100) NOT NULL,
  `生年月日` varchar(100) NOT NULL,
  `郵便番号` varchar(100) NOT NULL,
  `都道府県` varchar(100) NOT NULL,
  `市区町村` varchar(255) NOT NULL,
  `番地・建物名` varchar(255) NOT NULL,
  `携帯番号` varchar(100) NOT NULL,
  `メールアドレス` varchar(255) NOT NULL,
  `連絡の取りやすい時間帯` varchar(100) NOT NULL,
  `経験年数` varchar(100) NOT NULL,
  `入職希望時期` varchar(100) NOT NULL,
  `就業形態` varchar(100) NOT NULL,
  `就業状況` varchar(100) NOT NULL,
  `希望勤務地１` varchar(100) NOT NULL,
  `希望勤務地２` varchar(100) NOT NULL,
  `希望事業所形態` varchar(500) NOT NULL,
  `資格取得年` varchar(100) NOT NULL,
  `職務施設１` varchar(100) NOT NULL,
  `職務年数１` varchar(100) NOT NULL,
  `職務施設２` varchar(100) NOT NULL,
  `職務年数２` varchar(100) NOT NULL,
  `職務施設３` varchar(100) NOT NULL,
  `職務年数３` varchar(100) NOT NULL,
  `職務施設４` varchar(100) NOT NULL,
  `職務年数４` varchar(100) NOT NULL,
  `職務施設５` varchar(100) NOT NULL,
  `職務年数５` varchar(100) NOT NULL,
  `work_type` varchar(100) NOT NULL,
  `date` datetime NOT NULL,
  KEY `serial` (`serial`)
) ENGINE=InnoDB DEFAULT CHARSET=utf8;

--
-- Dumping data for table `reha_works`
--

INSERT INTO `reha_works` (`serial`, `お名前`, `ふりがな`, `生年月日`, `郵便番号`, `都道府県`, `市区町村`, `番地・建物名`, `携帯番号`, `メールアドレス`, `連絡の取りやすい時間帯`, `経験年数`, `入職希望時期`, `就業形態`, `就業状況`, `希望勤務地１`, `希望勤務地２`, `希望事業所形態`, `資格取得年`, `職務施設１`, `職務年数１`, `職務施設２`, `職務年数２`, `職務施設３`, `職務年数３`, `職務施設４`, `職務年数４`, `職務施設５`, `職務年数５`, `work_type`, `date`) VALUES
('201412140037', '上西　貞美', 'うえにしさだみ', '1979-04-23', '5840082', '大阪府', '富田林市向陽台', '3-3-1-309', '08040048230', 'imadas@i.softbank.jp', '18:00～21:00', '1～3年未満', '3ヶ月以内', '非常勤', '', '', '', '', '', '', '', '', '', '', '', '', '', '', '', '理学療法士', '2014-12-14 11:08:55'),
('201412280038', '小笠原　雅子', 'おがさわらまさこ', '1976-05-19', '1010046', '東京都', '千代田区神田多町', '2-6-2　グランド・ガーラ神田709', '080-5687-0260', 'deadrock_nevada@r7.dion.ne.jp', '18:00～21:00', '10年以上', '6ヶ月以内', '常勤', '', '', '', '', '', '', '', '', '', '', '', '', '', '', '', '理学療法士', '2014-12-28 22:22:14'),
('201501060039', '小田　友樹', 'おだゆうき', '1987-02-26', '5770062', '大阪府', '東大阪市森河内東', '2-11-36-106', '08038253182', 'piyota1222@yahoo.co.jp', '18:00～21:00', '5～10年未満', '3ヶ月以内', '常勤', '', '', '', '', '', '', '', '', '', '', '', '', '', '', '', '理学療法士', '2015-01-06 21:17:15'),
('201501140040', '萩尾　昌仁', 'はぎお　まさひと', '1982-01-07', '8000236', '福岡県', '北九州市小倉南区下貫', '一丁目18-19', '090-3321-7520', 'massatto0107@yahoo.co.jp', '18:00～21:00', '1～3年未満', '6ヶ月以内', '常勤', '', '', '', '', '', '', '', '', '', '', '', '', '', '', '', '理学療法士', '2015-01-14 05:00:33');

-- --------------------------------------------------------

--
-- Table structure for table `rigaku`
--

CREATE TABLE IF NOT EXISTS `rigaku` (
  `serial` varchar(100) NOT NULL,
  `お名前` varchar(100) NOT NULL,
  `ふりがな` varchar(100) NOT NULL,
  `生年月日` varchar(100) NOT NULL,
  `郵便番号` varchar(100) NOT NULL,
  `都道府県` varchar(100) NOT NULL,
  `市区町村` varchar(255) NOT NULL,
  `番地・建物名` varchar(255) NOT NULL,
  `携帯番号` varchar(100) NOT NULL,
  `メールアドレス` varchar(255) NOT NULL,
  `連絡の取りやすい時間帯` varchar(100) NOT NULL,
  `経験年数` varchar(100) NOT NULL,
  `入職希望時期` varchar(100) NOT NULL,
  `就業形態` varchar(100) NOT NULL,
  `就業状況` varchar(100) NOT NULL,
  `希望勤務地１` varchar(100) NOT NULL,
  `希望勤務地２` varchar(100) NOT NULL,
  `希望事業所形態` varchar(500) NOT NULL,
  `資格取得年` varchar(100) NOT NULL,
  `職務施設１` varchar(100) NOT NULL,
  `職務年数１` varchar(100) NOT NULL,
  `職務施設２` varchar(100) NOT NULL,
  `職務年数２` varchar(100) NOT NULL,
  `職務施設３` varchar(100) NOT NULL,
  `職務年数３` varchar(100) NOT NULL,
  `職務施設４` varchar(100) NOT NULL,
  `職務年数４` varchar(100) NOT NULL,
  `職務施設５` varchar(100) NOT NULL,
  `職務年数５` varchar(100) NOT NULL,
  `date` datetime NOT NULL,
  KEY `serial` (`serial`)
) ENGINE=InnoDB DEFAULT CHARSET=utf8;

--
-- Dumping data for table `rigaku`
--

INSERT INTO `rigaku` (`serial`, `お名前`, `ふりがな`, `生年月日`, `郵便番号`, `都道府県`, `市区町村`, `番地・建物名`, `携帯番号`, `メールアドレス`, `連絡の取りやすい時間帯`, `経験年数`, `入職希望時期`, `就業形態`, `就業状況`, `希望勤務地１`, `希望勤務地２`, `希望事業所形態`, `資格取得年`, `職務施設１`, `職務年数１`, `職務施設２`, `職務年数２`, `職務施設３`, `職務年数３`, `職務施設４`, `職務年数４`, `職務施設５`, `職務年数５`, `date`) VALUES
('201407170003', '神谷悠介', 'かみやゆうすけ', '1983-05-22', '', '', '', '', '09076103167', 'y.kamiya@summer-snow.co.jp', '9:00〜12:00', '1年未満', '1ヶ月以内', 'こだわらない', '在職中（退職時期未定）', '宮城県', '富山県', '病院（急性期）\r\n病院（回復期）\r\n病院（療養型）\r\n病院（精神科）\r\n病院（総合）\r\n病院（ケアミックス）\r\n病院（その他）\r\n病院（外来）\r\n老健\r\n特養\r\n有料\r\nグループホーム\r\nサ高住\r\nデイサービス\r\nデイケア\r\nショートステイ', '1994', '', '', '', '', '', '', '', '', '', '', '2014-07-17 00:00:00'),
('201407170004', '神谷悠介', 'かみやゆうすけ', '', '1500045', '東京都', '渋谷区神泉町', '3-13-102', '090-7610-3167', 'y.kamiya@summer-snow.co.jp', '9:00〜12:00', '1〜3年未満', '3ヶ月以内', '常勤', '在職中（退職時期未定）', '山形県', '福井県', '病院（急性期）\n老健\n訪問介護', '1992', '病院（ケアミックス）', '10〜15年未満', '病院（回復期）', '5〜10年未満', '病院（その他）', '5〜10年未満', '病院（総合）', '25〜30年未満', '老健', '3〜5年未満', '2014-07-17 00:00:00'),
('201407170005', '続き', 'つず', '', '4441221', '愛知県', '安城市和泉町', '131', '3456789', 'norisuke.pon@gmail.com', '15:00〜18:00', '3〜5年未満', '3ヶ月以内', '常勤', '離職中', '福島県', '', '病院（回復期）', '2006', '病院（その他）', '1〜3年未満', '', '', '', '', '', '', '', '', '2014-07-17 14:14:09'),
('201411150021', '井本興寛', 'いもとたつひろ', '1987-11-01', '7142112', '岡山県', '井原市芳井町簗瀬', '166番地', '09094159958', 'ooimosan@yahoo.co.jp', '21:00以降', '3〜5年未満', '6ヶ月以内', 'こだわらない', '在職中（退職時期確定済み）', '大阪府', '兵庫県', '病院（急性期）\n病院（総合）\n訪問看護・リハ\n地域包括', '2010', '病院（急性期）', '3〜5年未満', '訪問看護・リハ', '1〜3年未満', '', '', '', '', '', '', '2014-11-15 04:02:46'),
('201411160022', '森剛志', 'もりたけし', '1981-08-27', '1200005', '東京都', '足立区綾瀬', '４－１１－３', '08080705977', 'morit55@yahoo.co.jp', '21:00以降', '5〜10年未満', '2ヶ月以内', '常勤', '', '東京都', '埼玉県', '病院（総合）\n病院（外来）\nクリニック（外来）', '2005', '病院（総合）', '3〜5年未満', 'クリニック（外来）', '3〜5年未満', '', '', '', '', '', '', '2014-11-16 12:08:38'),
('201411210023', '藤村', '美咲', '1988-06-16', '0200823', '岩手県', '盛岡市門', '1-2-6', '080-5558-6248', 'btyb1m.6.m@ezweb.ne.jp', '18:00〜21:00', '3〜5年未満', '12ヶ月以内', 'こだわらない', '', '岩手県', '', '病院（総合）\n病院（ケアミックス）\n老健\nデイサービス\nクリニック（外来）\n居宅\n地域包括', '2010', '病院（回復期）', '3〜5年未満', '', '', '', '', '', '', '', '', '2014-11-21 18:31:11'),
('201412030027', '宮崎彰伸', 'みやざきあきのぶ', '1974-08-29', '2250002', '神奈川県', '横浜市青葉区美しが丘', '1-13-10　吉村ビル', '090-6598-0300', 'aki@broz.jp', '18:00?21:00', '3?5年未満', '6ヶ月以内', '常勤', '', '', '', '', '', '', '', '', '', '', '', '', '', '', '', '2014-12-03 16:04:35'),
('201412040026', '江之口義幸', 'えのくちよしゆき', '1961-09-18', '8900036', '鹿児島県', '鹿児島市田上台', '4-41-13', '09095936125', 'yosi8021415@icloud.com', '18:00～21:00', '5～10年未満', '2ヶ月以内', '常勤', '在職中（退職時期未定）', '鹿児島県', '', '訪問看護・リハ\nクリニック（外来）\n居宅', '2005', '病院（総合）', '1～3年未満', '訪問看護・リハ', '3～5年未満', '病院（外来）', '1年未満', 'デイサービス', '5～10年未満', '', '', '2014-12-04 22:49:12'),
('201412060027', '徳田', '貴史', '1974-06-05', '0284123', '岩手県', '盛岡市玉山区巻堀', '2-15-17', '19-0511-5516', 'amplyvczbnekx@hotmail.com', '12:00～15:00', '3～5年未満', '1ヶ月以内', '常勤', '在職中（退職時期未定）', '千葉県', '', 'サ高住', '2002', 'デイケア', '3～5年未満', '', '', '', '', '', '', '', '', '2014-12-06 21:07:51'),
('201412070028', '青子青井', 'あおこ あ', '1986-05-04', '9498618', '新潟県', '十日町市中条戊', '2-12-17', '07054244841', 'yoregoutdemi@hotmail.com', '12:00～15:00', '5～10年未満', '1ヶ月以内', '非常勤', '在職中（退職時期未定）', '栃木県', '東京都', '訪問看護・リハ', '1997', 'デイケア', '10～15年未満', '', '', '', '', '', '', '', '', '2014-12-07 14:23:57'),
('201412090029', '半田 友吉', 'ハンダ トモヨシ', '1988-08-08', '0680029', '北海道', '岩見沢市九条西', '1-1', '09085778480', 'cyurrruc@hotmail.com', '12:00～15:00', '1～3年未満', '6ヶ月以内', '常勤', '在職中（退職時期未定）', '千葉県', '', '病院（総合）', '2008', '病院（療養型）', '10～15年未満', '', '', '', '', '', '', '', '', '2014-12-09 22:55:40'),
('201412270030', '上田敦史', 'うえだあつし', '1988-08-25', '8951804', '鹿児島県', '薩摩郡さつま町船木', '2373パティオスK2Y1番館201号', '090-9571-5991', 'a-u8.25@i.softbank.jp', '18:00～21:00', '3～5年未満', '3ヶ月以内', '常勤', '在職中（退職時期未定）', '熊本県', '', '病院（回復期）\n病院（総合）\n病院（ケアミックス）\n病院（外来）\nクリニック（病棟）\nクリニック（外来）', '2011', '病院（回復期）', '3～5年未満', '', '', '', '', '', '', '', '', '2014-12-27 17:37:55'),
('201501060025', 'てすと', 'てすと', '2009-05-05', '2160022', '神奈川県', '川崎市宮前区平', '1-1-1', '090', 'bluebeat@circus.ocn.ne.jp', '12:00～15:00', '5～10年未満', '3ヶ月以内', '非常勤', '', '', '', '', '', '', '', '', '', '', '', '', '', '', '', '2015-01-06 00:03:58'),
('201501080031', '吉田健太郎', 'よしだけんたろう', '1982-08-04', '1520031', '東京都', '目黒区中根', '１－１０－１４', '08080656304', 'ysd408@excite.co.jp', '18:00～21:00', '5～10年未満', '2ヶ月以内', '常勤', '在職中（退職時期確定済み）', '東京都', '', '病院（急性期）\n病院（総合）\n病院（外来）', '2006', '病院（総合）', '3～5年未満', '病院（外来）', '3～5年未満', '', '', '', '', '', '', '2015-01-08 19:29:16'),
('201501110032', '清水恵', 'しみずめぐみ', '1986-03-06', '1160001', '東京都', '荒川区町屋', '８－８－１３', '09016190865', 'shim191@yahoo.co.jp', '18:00～21:00', '3～5年未満', '2ヶ月以内', '常勤', '', '東京都', '埼玉県', '病院（総合）\n病院（外来）', '2010', '病院（総合）', '3～5年未満', '', '', '', '', '', '', '', '', '2015-01-11 19:50:37'),
('201501170033', '大沢　要', 'おおさわ', '1971-01-17', '1420041', '東京都', '品川区戸越', '５', '09093980110', 'ofg2016@yahoo.co.jp', '9:00～12:00', '経験無し', '6ヶ月以内', 'こだわらない', '離職中', '千葉県', '', '', '2014', 'デイサービス', '1年未満', '', '', '', '', '', '', '', '', '2015-01-17 11:38:35'),
('201501200034', '横川太我', 'よこがわたいが', '1989-09-13', '7920844', '愛媛県', '新居浜市角野新田町', '1-3-32', '09057183778', 'taigaykgw@yahoo.co.jp', '18:00～21:00', '1～3年未満', '6ヶ月以内', '常勤', '在職中（退職時期未定）', '愛媛県', '', '病院（急性期）\n病院（回復期）\n病院（総合）\nデイサービス\nクリニック（外来）', '2012', '病院（回復期）', '1～3年未満', '', '', '', '', '', '', '', '', '2015-01-20 21:12:13'),
('201501210035', '林直美', 'はやしなおみ', '1983-06-07', '1060047', '東京都', '港区南麻布', '５－５－１４－２階', '09086415989', 'hys7733@yahoo.co.jp', '18:00～21:00', '5～10年未満', '2ヶ月以内', '常勤', '在職中（退職時期確定済み）', '東京都', '', '病院（総合）\nクリニック（外来）', '2008', '病院（総合）', '1～3年未満', 'クリニック（外来）', '1～3年未満', '', '', '', '', '', '', '2015-01-21 20:05:11'),
('201502210036', '永久　晃', 'ながひさあきら', '1976-04-27', '7900043', '愛媛県', '松山市保免西', '2丁目4-35', '090-3839-3870', 'nuru_nuru－m0e_moe－o427@ezweb.ne.jp', '18:00～21:00', '10年以上', '3ヶ月以内', '常勤', '', '愛媛県', '', '病院（急性期）\n病院（療養型）\n病院（総合）\n病院（ケアミックス）\n病院（外来）\n老健\n有料\nグループホーム\nサ高住\nショートステイ\n小規模多機能\nクリニック（病棟）\nクリニック（外来）', '2005', '病院（急性期）', '3～5年未満', '病院（総合）', '1～3年未満', '病院（回復期）', '1～3年未満', '訪問看護・リハ', '3～5年未満', '', '', '2015-02-21 14:31:24'),
('201502230026', '佐藤大輔', 'さとうだいすけ', '1983-01-23', '1830034', '東京都', '府中市住吉町', '2-8-40', '08053731906', 'reon19830123@gmai.com', '18:00～21:00', '1～3年未満', '1ヶ月以内', '常勤', '', '', '', '', '', '', '', '', '', '', '', '', '', '', '', '2015-02-23 22:49:46'),
('201503070027', '宮崎　彰伸', 'みやざあきのぶ', '1974--', '', '神奈川県', '', '', '090-6598-0300', 'aki@broz.jp', '18:00～21:00', '', '2ヶ月以内', '', '', '', '', '', '', '', '', '', '', '', '', '', '', '', '', '2015-03-07 17:43:09'),
('201503100037', '井上将斗', 'いのうえひろと', '1990-11-01', '4880031', '愛知県', '尾張旭市晴丘町東', '211番地', '08048647184', 'n_v.19_3dai.b_lon-er@softbank.ne.jp', '', '1～3年未満', '1ヶ月以内', 'こだわらない', '在職中（退職時期確定済み）', '愛知県', '', '老健\nサ高住\nデイサービス\nデイケア\n訪問看護・リハ', '2012', '病院（回復期）', '1～3年未満', '病院（外来）', '1～3年未満', 'デイケア', '1～3年未満', '', '', '', '', '2015-03-10 10:18:42'),
('201503100038', '徳川要子', 'ようこ', '1976-03-10', '1700004', '東京都', '豊島区北大塚', '1', '09046173169', 'otona0310@gmail.com', '18:00～21:00', '1年未満', '6ヶ月以内', 'こだわらない', '離職中', '東京都', '', '', '2001', '特養', '1年未満', '', '', '', '', '', '', '', '', '2015-03-10 15:21:12'),
('201504080039', '山本久美子', 'やまもとくみこ', '1984-06-18', '3320001', '埼玉県', '川口市朝日', '5-5-23', '08080752118', 'ymm380@yahoo.co.jp', '18:00～21:00', '1～3年未満', '2ヶ月以内', '常勤', '', '東京都', '', '病院（回復期）\n病院（療養型）', '2012', '病院（療養型）', '1～3年未満', '病院（ケアミックス）', '1年未満', '', '', '', '', '', '', '2015-04-08 00:02:19'),
('201504110040', '額谷有希', 'ぬかやゆうき', '1990-08-09', '2220037', '神奈川県', '横浜市港北区大倉山6丁目', '25-2 ハイツライコー202', '08012506979', 'yes.ethnic@gmail.com', '18:00～21:00', '1～3年未満', '6ヶ月以内', '常勤', '在職中（退職時期未定）', '神奈川県', '山梨県', '病院（療養型）\n老健\n特養\n有料\nグループホーム\nサ高住\nデイサービス\nデイケア\nショートステイ\n小規模多機能', '2013', '病院（回復期）', '1～3年未満', '', '', '', '', '', '', '', '', '2015-04-11 12:48:55'),
('201504120041', '木村直隆', 'きむらなおたか', '1976-10-27', '8112112', '福岡県', '糟屋郡須惠町植木', '1265-50エクセランB202', '08063046904', 'xl120004@yahoo.co.jp', '18:00～21:00', '5～10年未満', '6ヶ月以内', '常勤', '在職中（退職時期確定済み）', '福岡県', '山口県', '病院（急性期）\n病院（回復期）\n病院（療養型）\n病院（総合）\n病院（ケアミックス）\n病院（その他）\n病院（外来）\n老健\n特養\nデイサービス\nデイケア\n訪問看護・リハ\nクリニック（病棟）\nクリニック（外来）\n小児施設\n学校\n居宅\n地域包括', '2008', '病院（回復期）', '1～3年未満', '病院（総合）', '1～3年未満', 'デイケア', '3～5年未満', '訪問看護・リハ', '3～5年未満', '', '', '2015-04-12 14:49:15'),
('201504140042', '金谷　武', 'かなたにたけし', '1984-02-08', '7210907', '広島県', '福山市春日町', '5-8-6-1003', '080-6140-7127', 'isojingel@hotmail.co.jp', '18:00～21:00', '5～10年未満', '6ヶ月以内', 'こだわらない', '在職中（退職時期確定済み）', '広島県', '大阪府', '病院（回復期）\n病院（総合）\n訪問看護・リハ', '2007', '病院（急性期）', '3～5年未満', '病院（回復期）', '3～5年未満', '', '', '', '', '', '', '2015-04-14 12:45:47'),
('201504150043', '吉田真麻', 'よしだまあさ', '1983-05-28', '8992103', '鹿児島県', 'いちき串木野市大里', '５５４１－１', '09025163076', 'maasa528@yahoo.co.jp', '', '10年以上', '6ヶ月以内', '常勤', '在職中（退職時期確定済み）', '東京都', '', '病院（急性期）\n病院（回復期）\n病院（療養型）\n病院（精神科）\n病院（総合）\n病院（ケアミックス）\n病院（外来）\n老健\n特養\n有料\nグループホーム\nサ高住\nデイサービス\nデイケア\nショートステイ\n訪問介護\n小規模多機能\nクリニック（病棟）\nクリニック（外来）\n障害者施設', '2005', '病院（急性期）', '10～15年未満', '', '', '', '', '', '', '', '', '2015-04-15 00:35:41'),
('201504190044', '木下 幸', 'きのした みゆき', '1982-08-28', '5230061', '滋賀県', '近江八幡市江頭町', '1000-19', '09085758028', 'miyuchan8888@gmail.com', '18:00～21:00', '5～10年未満', '6ヶ月以内', '常勤', '在職中（退職時期未定）', '滋賀県', '', '病院（急性期）\n病院（総合）\n訪問看護・リハ', '2006', '病院（急性期）', '5～10年未満', '', '', '', '', '', '', '', '', '2015-04-19 00:38:12'),
('201504260045', '大野美奈', 'おおのみな', '1983-01-28', '1640011', '東京都', '中野区中央', '３－７－４', '08081252226', 'oono2018@yahoo.co.jp', '18:00～21:00', '5～10年未満', '1ヶ月以内', '常勤', '離職中', '東京都', '', '病院（総合）', '2008', '病院（総合）', '3～5年未満', 'クリニック（外来）', '3～5年未満', '', '', '', '', '', '', '2015-04-26 11:00:46'),
('201505140046', '出本 陽', 'いずもと あきら', '1981-02-27', '2250002', '神奈川県', '横浜市青葉区美しが丘', '1-19-1&#x2c;たまプラーザ団地4-3-403', '09041763019', 'izmt-akira...0227@docomo.ne.jp', '18:00～21:00', '10年以上', '6ヶ月以内', '常勤', '在職中（退職時期未定）', '神奈川県', '', '訪問看護・リハ', '2004', '病院（総合）', '10～15年未満', '', '', '', '', '', '', '', '', '2015-05-14 00:14:41'),
('201505170047', '加藤麻友', 'かとうまゆ', '1986-10-07', '1100003', '東京都', '台東区根岸', '５－９－２２', '08080710666', 'kto288@zoho.com', '18:00～21:00', '1～3年未満', '2ヶ月以内', '常勤', '在職中（退職時期確定済み）', '東京都', '埼玉県', '病院（療養型）\n病院（総合）', '2010', '病院（総合）', '1～3年未満', '', '', '', '', '', '', '', '', '2015-05-17 13:20:03'),
('201505230048', '鈴木希', 'すずきのぞみ', '1984-11-07', '1110056', '東京都', '台東区小島', '１－１２－７', '08022052982', 'suz474@yahoo.co.jp', '18:00～21:00', '3～5年未満', '2ヶ月以内', '常勤', '', '東京都', '', '病院（総合）\n病院（外来）', '2010', '病院（外来）', '1～3年未満', '病院（総合）', '1～3年未満', '', '', '', '', '', '', '2015-05-23 00:07:14'),
('201505230049', '田中綾子', 'たなかあやこ', '1985-07-14', '1790082', '東京都', '練馬区錦', '１－８－８', '07028022635', 'tanaka194@excite.co.jp', '18:00～21:00', '3～5年未満', '2ヶ月以内', '常勤', '', '東京都', '埼玉県', '病院（総合）', '2010', '病院（総合）', '3～5年未満', '', '', '', '', '', '', '', '', '2015-05-23 20:05:19'),
('201506180050', '青木美香', 'あおきみか', '1985-07-01', '1560041', '東京都', '世田谷区大原', '1-1-4-2F', '08021761066', 'aok403@yahoo.co.jp', '18:00～21:00', '3～5年未満', '2ヶ月以内', '常勤', '在職中（退職時期確定済み）', '東京都', '埼玉県', '病院（総合）', '2009', '病院（総合）', '3～5年未満', '', '', '', '', '', '', '', '', '2015-06-18 22:13:42'),
('201506190051', '狩野 良太', 'かのう りょうた', '1984-10-25', '5998242', '大阪府', '堺市中区陶器北', '20-10', '08040202470', 'aoba21aino@yahoo.co.jp', '18:00～21:00', '5～10年未満', '6ヶ月以内', 'こだわらない', '在職中（退職時期未定）', '大阪府', '奈良県', '老健\n特養\n有料\nグループホーム\nサ高住\nデイサービス\nデイケア\n訪問看護・リハ\n小規模多機能\nその他', '2005', '病院（療養型）', '5～10年未満', '老健', '3～5年未満', '訪問看護・リハ', '1～3年未満', 'その他', '1～3年未満', '', '', '2015-06-19 15:37:08'),
('201506210052', '戸泉龍人', 'といずみたつと', '1993-03-09', '8615251', '熊本県', '熊本市南区今町', '484番地', '08039853090', 't.tpingpong@ezweb.ne.jp', '18:00～21:00', '1年未満', '6ヶ月以内', '常勤', '在職中（退職時期未定）', '熊本県', '熊本県', '病院（急性期）\n病院（回復期）\n病院（療養型）\n病院（精神科）\n病院（総合）\n病院（ケアミックス）\n病院（その他）\n病院（外来）\n老健\n特養\n有料\nグループホーム\nサ高住\nデイサービス\nデイケア\nショートステイ\n訪問看護・リハ\n訪問介護\n小規模多機能\nクリニック（病棟）\nクリニック（外来）\n小児施設\n学校\n障害者施設\n居宅\n地域包括\nその他', '2014', '病院（総合）', '1年未満', '', '', '', '', '', '', '', '', '2015-06-21 23:19:44'),
('201506230053', '朝賀成美', 'あさがなるみ', '1991-05-09', '2450003', '神奈川県', '横浜市泉区岡津町', '2256　レモンバームJ号室', '08054867264', 'quad_12@ezweb.ne.jp', '18:00～21:00', '1～3年未満', '6ヶ月以内', '非常勤', '在職中（退職時期未定）', '神奈川県', '', '訪問看護・リハ', '2013', '病院（回復期）', '1～3年未満', '', '', '', '', '', '', '', '', '2015-06-23 23:30:26'),
('201506250054', '橋本 直樹', 'はしもと なおき', '1991-10-28', '8120017', '福岡県', '福岡市博多区美野島2丁目', '20-12 ピュアドーム博多アソシア608号室', '08091446816', 'and1.s.nx2.2@i.softbank.jp', '15:00～18:00', '1～3年未満', '1ヶ月以内', '常勤', '離職中', '福岡県', '福岡県', '病院（急性期）\n病院（回復期）\n病院（総合）', '2013', '病院（外来）', '1年未満', '病院（総合）', '1～3年未満', '', '', '', '', '', '', '2015-06-25 16:16:48');

-- --------------------------------------------------------

--
-- Table structure for table `sagyo`
--

CREATE TABLE IF NOT EXISTS `sagyo` (
  `serial` varchar(100) NOT NULL,
  `お名前` varchar(100) NOT NULL,
  `ふりがな` varchar(100) NOT NULL,
  `生年月日` varchar(100) NOT NULL,
  `郵便番号` varchar(100) NOT NULL,
  `都道府県` varchar(100) NOT NULL,
  `市区町村` varchar(255) NOT NULL,
  `番地・建物名` varchar(255) NOT NULL,
  `携帯番号` varchar(100) NOT NULL,
  `メールアドレス` varchar(255) NOT NULL,
  `連絡の取りやすい時間帯` varchar(100) NOT NULL,
  `経験年数` varchar(100) NOT NULL,
  `入職希望時期` varchar(100) NOT NULL,
  `就業形態` varchar(100) NOT NULL,
  `就業状況` varchar(100) NOT NULL,
  `希望勤務地１` varchar(100) NOT NULL,
  `希望勤務地２` varchar(100) NOT NULL,
  `希望事業所形態` varchar(500) NOT NULL,
  `資格取得年` varchar(100) NOT NULL,
  `職務施設１` varchar(100) NOT NULL,
  `職務年数１` varchar(100) NOT NULL,
  `職務施設２` varchar(100) NOT NULL,
  `職務年数２` varchar(100) NOT NULL,
  `職務施設３` varchar(100) NOT NULL,
  `職務年数３` varchar(100) NOT NULL,
  `職務施設４` varchar(100) NOT NULL,
  `職務年数４` varchar(100) NOT NULL,
  `職務施設５` varchar(100) NOT NULL,
  `職務年数５` varchar(100) NOT NULL,
  `date` datetime NOT NULL,
  KEY `serial` (`serial`)
) ENGINE=InnoDB DEFAULT CHARSET=utf8;

--
-- Dumping data for table `sagyo`
--

INSERT INTO `sagyo` (`serial`, `お名前`, `ふりがな`, `生年月日`, `郵便番号`, `都道府県`, `市区町村`, `番地・建物名`, `携帯番号`, `メールアドレス`, `連絡の取りやすい時間帯`, `経験年数`, `入職希望時期`, `就業形態`, `就業状況`, `希望勤務地１`, `希望勤務地２`, `希望事業所形態`, `資格取得年`, `職務施設１`, `職務年数１`, `職務施設２`, `職務年数２`, `職務施設３`, `職務年数３`, `職務施設４`, `職務年数４`, `職務施設５`, `職務年数５`, `date`) VALUES
('201407170004', '神谷悠介', 'かみやゆうすけ', '2008-05-20', '', '', '', '', '09076103167', 'y.kamiya@summer-snow.co.jp', '15:00〜18:00', '10年以上', '2ヶ月以内', '常勤', '在職中（退職時期未定）', '栃木県', '茨城県', '病院（急性期）\nグループホーム\nデイケア\n訪問介護', '2006', '', '', '', '', '', '', '', '', '', '', '2014-07-17 00:00:00'),
('201408030008', '宮崎　彰伸', 'みやざきあきのぶ', '', '2250002', '神奈川県', '横浜市青葉区美しが丘', '1--13--10　吉村ビル', '09065980300', 'aki@broz.jp', '12:00〜15:00', '5〜10年未満', '1ヶ月以内', '常勤', '在職中（退職時期確定済み）', '神奈川県', '', 'デイサービス', '2002', '病院（回復期）', '1年未満', '', '', '', '', '', '', '', '', '2014-08-03 02:32:21'),
('201408180009', 'kaswan', 'カスワン', '', '1840012', '東京都', '小金井市中町', '２０１', '0123456789', 'kaswan@broz.jp', '', '1〜3年未満', '1ヶ月以内', '', '在職中（退職時期確定済み）', '岩手県', '', '病院（急性期）\n病院（回復期）\n病院（療養型）\n病院（精神科）\n病院（総合）\n病院（ケアミックス）\n病院（その他）\n病院（外来）\n老健\n特養\n有料\nグループホーム\nサ高住\nデイサービス\nデイケア\nショートステイ\n訪問看護・リハ\n訪問介護\n小規模多機能\nクリニック（外来）\n小児施設\n学校\n障害者施設\n居宅\n地域包括\nその他', '2005', '病院（ケアミックス）', '1〜3年未満', '病院（外来）', '1年未満', '', '', '', '', '', '', '2014-08-18 10:46:48'),
('201410270013', '有坂朋之', 'ありさかともゆき', '1981-11-26', '3430023', '埼玉県', '越谷市東越谷', '4-19-4', '090-4022-9524', 'tomo_mj128@yahoo.co.jp', '18:00〜21:00', '5〜10年未満', '6ヶ月以内', '常勤', '在職中（退職時期確定済み）', '埼玉県', '', '病院（回復期）\n病院（療養型）\n病院（総合）\n病院（ケアミックス）\n病院（外来）\n訪問看護・リハ\nクリニック（病棟）\nクリニック（外来）', '2008', '病院（総合）', '3〜5年未満', '老健', '3〜5年未満', '', '', '', '', '', '', '2014-10-27 22:46:53'),
('201411090019', '松村邦夫', 'まつむらくにお', '1942-09-02', '8740820', '大分県', '別府市原町', '16-27', '0977255163', 'kuak@aql.bbiq.jp', '9:00〜12:00', '1〜3年未満', '3ヶ月以内', '常勤', '離職中', '福岡県', '', '病院（療養型）\n病院（ケアミックス）', '2002', '訪問介護', '3〜5年未満', '小規模多機能', '3〜5年未満', '小児施設', '', '', '', '', '', '2014-11-09 13:41:30'),
('201411140020', '木下　優', 'きのしたゆう', '1980-03-07', '1420041', '東京都', '品川区戸越', '５−４−３−２５', '080-9398-0110', 'ikuze1101@yahoo.co.jp', '9:00〜12:00', '1年未満', '3ヶ月以内', 'こだわらない', '離職中', '東京都', '', '特養\n学校', '2012', 'グループホーム', '1年未満', '', '', '', '', '', '', '', '', '2014-11-14 14:22:37'),
('201411180021', '山本　拓人', 'やまもとたくと', '1994-05-12', '6700056', '兵庫県', '姫路市東今宿', '3-3-7マリッチ今宿302', '090 7550 7117', 'h1ro7ga17@gmail.com', '9:00〜12:00', '経験無し', '12ヶ月以内', 'こだわらない', '', '北海道', '', '', '2013', 'その他', '1年未満', '', '', '', '', '', '', '', '', '2014-11-18 00:20:51'),
('201411240022', '山岡茉以', 'やまおかまい', '1988-08-09', '7200823', '広島県', '福山市千代田町', '2丁目7-22アルドーレB103', '08019448435', 'happylife1790@gmail.com', '21:00以降', '3〜5年未満', '12ヶ月以内', '常勤', '在職中（退職時期未定）', '広島県', '広島県', '病院（急性期）\n病院（回復期）\n病院（総合）', '2011', '病院（急性期）', '3〜5年未満', '', '', '', '', '', '', '', '', '2014-11-24 13:48:19'),
('201411260023', '田中伸帆', 'たなかのぶひろ', '1975-02-22', '5600005', '大阪府', '豊中市西緑丘', '3-14-20 アーバンコート西緑丘205', '09038947750', 'nt0309oa@ezweb.ne.jp', '18:00〜21:00', '1〜3年未満', '2ヶ月以内', '常勤', '在職中（退職時期確定済み）', '大阪府', '', '病院（療養型）\n病院（ケアミックス）\n老健\n特養', '2012', '病院（ケアミックス）', '1〜3年未満', '病院（回復期）', '1年未満', '病院（療養型）', '1年未満', '', '', '', '', '2014-11-26 12:46:37'),
('201412120026', '晃子秋重', 'あきこあきしげ', '1987-06-09', '7340006', '広島県', '広島市南区西翠町', '1-14-1', '09054255142', 'abneyenaaa@hotmail.com', '12:00～15:00', '3～5年未満', '2ヶ月以内', '常勤', '在職中（退職時期未定）', '栃木県', '', '病院（総合）', '2010', '老健', '20～25年未満', '', '', '', '', '', '', '', '', '2014-12-12 21:02:26'),
('201502270027', '松村邦夫', 'まつむらくにお', '1949-09-02', '8740820', '大分県', '別府市原町', '１６－２７', '０９０６５４３２１４３', 'kuakema@helen.ocn.ne.jp', '12:00～15:00', '1～3年未満', '3ヶ月以内', 'こだわらない', '', '東京都', '', '病院（回復期）\n特養\nデイサービス\n地域包括', '2000', '病院（外来）', '1～3年未満', '', '', '', '', '', '', '', '', '2015-02-27 10:38:49'),
('201503050028', '時田　学', 'ときたまな', '1990-03-06', '1730036', '東京都', '板橋区向原', '1', '09046173169', 'ofg2016@gmail.com', '9:00～12:00', '1年未満', '1ヶ月以内', '常勤', '離職中', '千葉県', '神奈川県', '病院（急性期）', '2010', '病院（療養型）', '1～3年未満', '', '', '', '', '', '', '', '', '2015-03-05 13:46:28'),
('201503120029', '原', '知規', '1984-06-13', '3590046', '埼玉県県', '所沢市北所沢町', '2219-3パテラ新所沢103', '08031975035', 'genchiki-happy-21@i.softbank.jp', '18:00～21:00', '5～10年未満', '2ヶ月以内', '非常勤', '在職中（退職時期確定済み）', '東京都', '埼玉県', '老健\n特養\n有料\nデイケア\n訪問看護・リハ', '2007', '老健', '3～5年未満', '病院（回復期）', '3～5年未満', '', '', '', '', '', '', '2015-03-12 14:07:25'),
('201503150030', '郡司　唯', 'グンジ　ユ', '1990-05-04', '08052931576', '広島県', '廿日市市大野&nbsp;&nbsp;4-13-4', '市大野&nbsp;&nbsp;4-13-4', '08052931576', 'asgczf@yahoo.co.jp', '12:00～15:00', '1～3年未満', '6ヶ月以内', '', '在職中（退職時期未定）', '広島県', '', '', '2014', 'ショートステイ', '1年未満', '', '', '', '', '', '', '', '', '2015-03-15 11:24:39'),
('201503190031', '奈良　利伸', 'ナラ　トシノ', '1987-07-09', '2950025', '千葉県', '南房総市千倉町千田', '4-1-8', '09051526378', 'aujgciz@yahoo.co.jp', '12:00～15:00', '1～3年未満', '2ヶ月以内', '常勤', '在職中（退職時期確定済み）', '千葉県', '', '有料', '2005', '病院（精神科）', '1～3年未満', '', '', '', '', '', '', '', '', '2015-03-19 18:17:37'),
('201504060032', '鈴木', '真衣', '1984-12-11', '4260071', '静岡県', '藤枝市志太', '2-21-43-2', '09018254089', 'sunny.1211@i.softbank.jp', '12:00～15:00', '3～5年未満', '6ヶ月以内', 'こだわらない', '離職中', '静岡県', '', '病院（回復期）\n病院（療養型）\n老健\nデイサービス\nデイケア', '2009', '病院（回復期）', '1年未満', 'デイサービス', '3～5年未満', '', '', '', '', '', '', '2015-04-06 15:48:46'),
('201504100033', '河野未希', 'かわのみき', '1990-01-26', '6711152', '兵庫県', '姫路市広畑区小松町2丁目15‐2番地', 'ロッキーコート広畑503', '09068357029', 'marionnette-syndrome.1013-vin@ezweb.ne.jp', '18:00～21:00', '1～3年未満', '6ヶ月以内', '常勤', '在職中（退職時期未定）', '兵庫県', '', 'その他', '2013', '病院（精神科）', '1年未満', '病院（療養型）', '1～3年未満', '', '', '', '', '', '', '2015-04-10 08:55:12'),
('201504260034', '木村', '友紀', '1989-04-18', '5600002', '大阪府', '豊中市緑丘', '1-21-27', '0668586668', 'kimurakolgy@yahoo.co.jp', '18:00～21:00', '1～3年未満', '6ヶ月以内', '常勤', '在職中（退職時期確定済み）', '大阪府', '東京都', '病院（急性期）\n病院（回復期）\n病院（総合）\n訪問看護・リハ\nクリニック（外来）', '2013', '病院（回復期）', '1～3年未満', '', '', '', '', '', '', '', '', '2015-04-26 23:21:22'),
('201505020035', '宮崎彰伸', 'みやざきあきのぶ', '1974-08-29', '2250002', '神奈川県', '横浜市青葉区美しが丘', '1-13-10　吉村ビル', '090-6598-0300', 'aki@broz.jp', '15:00～18:00', '3～5年未満', '3ヶ月以内', '常勤', '在職中（退職時期確定済み）', '神奈川県', '千葉県', 'サ高住\nデイケア\n訪問看護・リハ', '2008', '病院（回復期）', '5～10年未満', '', '', '', '', '', '', '', '', '2015-05-02 00:15:43'),
('201505090036', '久光雄介', 'ひさみつゆうすけ', '1980-11-20', '8000361', '福岡県', '京都郡苅田町神田町2丁目', '31-14ディアスJINDEN20-202号', '09082893042', 'yupon666@gmail.com', '18:00～21:00', '5～10年未満', '6ヶ月以内', '常勤', '在職中（退職時期未定）', '福岡県', '', '病院（急性期）\n病院（回復期）\n病院（療養型）\n病院（精神科）\n病院（総合）\n病院（ケアミックス）\n病院（その他）\n病院（外来）\n訪問看護・リハ\nクリニック（病棟）\nクリニック（外来）\n地域包括', '2009', '病院（急性期）', '1～3年未満', '病院（回復期）', '1～3年未満', '', '', '病院（療養型）', '1年未満', '病院（精神科）', '1～3年未満', '2015-05-09 08:25:26'),
('201505160037', '磯部幸一', 'いそべこういち', '1983-08-15', '1830014', '東京都', '府中市是政', '1-21-8 ウィステリア201', '09016993321', 'the_doraemon_s@me.com', '18:00～21:00', '5～10年未満', '6ヶ月以内', '常勤', '在職中（退職時期未定）', '千葉県', '茨城県', '老健\n有料\nサ高住\nデイケア\n訪問看護・リハ\n居宅\n地域包括', '2008', '病院（急性期）', '5～10年未満', 'デイサービス', '1～3年未満', '', '', '', '', '', '', '2015-05-16 09:17:15'),
('201505280038', '金山満枝', 'かなや みつえ', '1969-10-24', '4328018', '静岡県', '浜松市中区蜆塚2丁目', '17-24-5-201', '09041493399', 'manji.lee.24@gmail.com', '18:00～21:00', '1～3年未満', '6ヶ月以内', '常勤', '在職中（退職時期未定）', '静岡県', '', '病院（療養型）\n病院（精神科）\n老健\n特養\n有料\nグループホーム\nサ高住\nデイサービス\nデイケア\nショートステイ\n小規模多機能\n小児施設\n障害者施設', '2014', '病院（療養型）', '1～3年未満', 'デイケア', '1～3年未満', '', '', '', '', '', '', '2015-05-28 19:06:35'),
('201506050039', '佐々木幸子', 'ささきさちこ', '1986-10-29', '1750002', '東京都', '豊島区巣鴨', '４－７－２', '08021709329', 'sski123@zoho.com', '18:00～21:00', '3～5年未満', '2ヶ月以内', '常勤', '在職中（退職時期確定済み）', '東京都', '', '病院（総合）', '2011', '病院（総合）', '3～5年未満', '', '', '', '', '', '', '', '', '2015-06-05 19:24:05'),
('201506100040', '三浦　研一', 'みうら 　 けんいち', '1984-09-13', '2701328', '千葉県', '印西市木下南', '1-19', '09075607819', 'kenichi8536@k5.dion.ne.jp', '15:00～18:00', '1～3年未満', '3ヶ月以内', '常勤', '在職中（退職時期確定済み）', '千葉県', '', 'その他', '2010', '地域包括', '1～3年未満', '地域包括', '1～3年未満', '', '', '', '', '', '', '2015-06-10 15:01:43'),
('201506180041', '片岡由美子', 'かたおかゆみこ', '1988-10-25', '1030014', '東京都', '中央区日本橋蛎殻町', '1-34-13-405', '080-4628-5961', 'allhappy.0u0.1025@i.softbank.jp', '18:00～21:00', '3～5年未満', '6ヶ月以内', '常勤', '離職中', '東京都', '', '老健\n特養\n有料\nデイサービス\nデイケア\nショートステイ\n訪問看護・リハ', '2007', '老健', '1～3年未満', '訪問看護・リハ', '1年未満', '', '', '', '', '', '', '2015-06-18 10:49:03'),
('201506280042', '五十川養', 'いそがわかい', '1992-10-08', '3340011', '埼玉県', '川口市三ツ和3丁目18-5', 'グラフティマンション8  102号', '09097661117', 'k.chunkun@gmail.com', '18:00～21:00', '1年未満', '6ヶ月以内', '常勤', '在職中（退職時期未定）', '石川県', '', '病院（急性期）\n病院（回復期）\n病院（療養型）\n病院（総合）\n病院（ケアミックス）\n病院（その他）\n病院（外来）\n老健\nクリニック（病棟）\nクリニック（外来）', '2014', '病院（急性期）', '1年未満', '', '', '', '', '', '', '', '', '2015-06-28 22:08:34');

-- --------------------------------------------------------

--
-- Table structure for table `service_periods`
--

CREATE TABLE IF NOT EXISTS `service_periods` (
  `id` int(11) NOT NULL AUTO_INCREMENT,
  `name` varchar(255) NOT NULL COMMENT '職歴年数',
  `sort_no` smallint(4) NOT NULL,
  `created_at` datetime NOT NULL,
  `updated_at` timestamp NOT NULL DEFAULT CURRENT_TIMESTAMP ON UPDATE CURRENT_TIMESTAMP,
  PRIMARY KEY (`id`),
  KEY `sort_no` (`sort_no`)
) ENGINE=MyISAM  DEFAULT CHARSET=utf8 AUTO_INCREMENT=12 ;

--
-- Dumping data for table `service_periods`
--

INSERT INTO `service_periods` (`id`, `name`, `sort_no`, `created_at`, `updated_at`) VALUES
(1, '1年未満', 1, '2014-08-11 00:00:00', '2014-08-10 15:00:00'),
(2, '1〜3年未満', 2, '2014-08-11 00:00:00', '2014-08-10 15:00:00'),
(3, '3〜5年未満', 3, '2014-08-11 00:00:00', '2014-08-10 15:00:00'),
(4, '5〜10年未満', 4, '2014-08-11 00:00:00', '2014-08-10 15:00:00'),
(5, '10〜15年未満', 5, '2014-08-11 00:00:00', '2014-08-10 15:00:00'),
(6, '15〜20年未満', 6, '2014-08-11 00:00:00', '2014-08-10 15:00:00'),
(7, '20〜25年未満', 7, '2014-08-11 00:00:00', '2014-08-10 15:00:00'),
(8, '25〜30年未満', 8, '2014-08-11 00:00:00', '2014-08-10 15:00:00'),
(9, '30〜35年未満', 9, '2014-08-11 00:00:00', '2014-08-10 15:00:00'),
(10, '35〜40年未満', 10, '2014-08-11 00:00:00', '2014-08-10 15:00:00'),
(11, '40年以上', 11, '2014-08-11 00:00:00', '2014-08-10 15:00:00');

-- --------------------------------------------------------

--
-- Table structure for table `users`
--

CREATE TABLE IF NOT EXISTS `users` (
  `id` int(11) NOT NULL AUTO_INCREMENT,
  `username` varchar(255) NOT NULL,
  `email` varchar(255) NOT NULL,
  `password` varchar(255) NOT NULL,
  `role` varchar(100) NOT NULL DEFAULT 'admin',
  `ip_address` varchar(100) DEFAULT NULL,
  `deleted` tinyint(1) NOT NULL DEFAULT '0',
  `created_at` datetime NOT NULL,
  `updated_at` timestamp NOT NULL DEFAULT CURRENT_TIMESTAMP ON UPDATE CURRENT_TIMESTAMP,
  PRIMARY KEY (`id`),
  KEY `id` (`id`,`role`,`deleted`)
) ENGINE=MyISAM  DEFAULT CHARSET=utf8 AUTO_INCREMENT=7 ;

--
-- Dumping data for table `users`
--

INSERT INTO `users` (`id`, `username`, `email`, `password`, `role`, `ip_address`, `deleted`, `created_at`, `updated_at`) VALUES
(1, 'kaswan', 'madankaswan@gmail.com', '$2a$10$3WEBn82wp5kH5q0IXywelOc.WOkO1VOvKyAhQ4QyNGbD7J4ot8AlO', 'admin', NULL, 0, '0000-00-00 00:00:00', '2014-08-24 10:06:08'),
(2, 'broz', 'aki@broz.jp', '$2a$10$tUIG7ldOV6rphWiDLz/LAuB3COYSEy.ofqlSqwHVygyDZ46/MqC8y', 'admin', NULL, 0, '2014-08-11 16:58:25', '2014-08-25 07:51:46'),
(6, 'medicaljobs', 'a-usami@medical-jobs.co.jp', '$2a$10$VW70yHAKjaNoifYy9LgD2eHMhqWyUR/jFoIwDsbut4ixbEncJNr4q', 'admin', NULL, 0, '2015-06-07 20:15:36', '2015-06-07 11:15:36');

-- --------------------------------------------------------

--
-- Table structure for table `work_histories`
--

CREATE TABLE IF NOT EXISTS `work_histories` (
  `id` int(11) NOT NULL AUTO_INCREMENT,
  `applicant_id` int(11) NOT NULL,
  `business_id` int(11) DEFAULT NULL COMMENT '職歴施設ID',
  `service_period_id` int(11) DEFAULT NULL COMMENT '職歴年数ID',
  `created_at` datetime NOT NULL,
  `updated_at` timestamp NOT NULL DEFAULT CURRENT_TIMESTAMP ON UPDATE CURRENT_TIMESTAMP,
  PRIMARY KEY (`id`),
  KEY `applicant_id` (`applicant_id`,`business_id`,`service_period_id`)
) ENGINE=MyISAM  DEFAULT CHARSET=utf8 AUTO_INCREMENT=307 ;

--
-- Dumping data for table `work_histories`
--

INSERT INTO `work_histories` (`id`, `applicant_id`, `business_id`, `service_period_id`, `created_at`, `updated_at`) VALUES
(1, 100002, 6, 5, '2014-08-25 16:05:14', '2014-08-25 07:05:14'),
(2, 100002, 2, 4, '2014-08-25 16:05:14', '2014-08-25 07:05:14'),
(3, 100002, 7, 4, '2014-08-25 16:05:14', '2014-08-25 07:05:14'),
(4, 100002, 5, 8, '2014-08-25 16:05:14', '2014-08-25 07:05:14'),
(5, 100002, 9, 3, '2014-08-25 16:05:14', '2014-08-25 07:05:14'),
(6, 100003, 7, 2, '2014-08-25 16:05:14', '2014-08-25 07:05:14'),
(7, 100004, 1, 1, '2014-08-25 16:05:14', '2014-08-25 07:05:14'),
(8, 100005, 8, 3, '2014-08-25 16:05:14', '2014-08-25 07:05:14'),
(9, 100005, 12, 6, '2014-08-25 16:05:14', '2014-08-25 07:05:14'),
(10, 100005, 0, 4, '2014-08-25 16:05:14', '2014-08-25 07:05:14'),
(11, 100005, 0, 5, '2014-08-25 16:05:14', '2014-08-25 07:05:14'),
(12, 100005, 2, 0, '2014-08-25 16:05:14', '2014-08-25 07:05:14'),
(13, 100007, 3, 1, '2014-08-25 16:05:14', '2014-08-25 07:05:14'),
(14, 100008, 3, 1, '2014-08-25 16:05:14', '2014-08-25 07:05:14'),
(15, 100009, 2, 1, '2014-08-25 16:05:14', '2014-08-25 07:05:14'),
(16, 100010, 2, 1, '2014-08-25 16:05:14', '2014-08-25 07:05:14'),
(17, 100011, 6, 2, '2014-08-25 16:05:14', '2014-08-25 07:05:14'),
(18, 100011, 8, 1, '2014-08-25 16:05:14', '2014-08-25 07:05:14'),
(19, 100012, 7, 4, '2014-08-25 16:05:14', '2014-08-25 07:05:14'),
(20, 100012, 2, 2, '2014-08-25 16:05:14', '2014-08-25 07:05:14'),
(21, 100013, 5, 5, '2014-08-25 16:05:14', '2014-08-25 07:05:14'),
(22, 100013, 5, 3, '2014-08-25 16:05:14', '2014-08-25 07:05:14'),
(23, 100013, 0, 3, '2014-08-25 16:05:14', '2014-08-25 07:05:14'),
(24, 100016, 1, 1, '2014-10-03 16:47:15', '2014-10-03 07:47:15'),
(25, 100017, 1, 1, '2014-10-03 16:47:15', '2014-10-03 07:47:15'),
(26, 100018, 2, 3, '2014-10-03 16:47:15', '2014-10-03 07:47:15'),
(27, 100018, 5, 4, '2014-10-03 16:47:15', '2014-10-03 07:47:15'),
(28, 100018, 4, 9, '2014-10-03 16:47:15', '2014-10-03 07:47:15'),
(29, 100018, 4, 5, '2014-10-03 16:47:15', '2014-10-03 07:47:15'),
(30, 100018, 4, 7, '2014-10-03 16:47:15', '2014-10-03 07:47:15'),
(31, 100019, 12, 3, '2014-10-03 16:47:15', '2014-10-03 07:47:15'),
(32, 100020, 1, 1, '2014-10-03 16:47:15', '2014-10-03 07:47:15'),
(50, 100021, 9, 3, '2014-11-06 11:24:46', '2014-11-06 02:24:46'),
(49, 100021, 5, 3, '2014-11-06 11:24:46', '2014-11-06 02:24:46'),
(37, 100022, 2, 1, '2014-11-03 13:56:56', '2014-11-03 04:56:56'),
(38, 100023, 9, 2, '2014-11-03 13:56:56', '2014-11-03 04:56:56'),
(39, 100024, 1, 2, '2014-11-03 13:56:56', '2014-11-03 04:56:56'),
(40, 100025, 1, 2, '2014-11-03 13:56:56', '2014-11-03 04:56:56'),
(41, 100026, 27, 11, '2014-11-03 13:56:56', '2014-11-03 04:56:56'),
(42, 100027, 1, 1, '2014-11-03 13:56:56', '2014-11-03 04:56:56'),
(43, 100028, 1, 1, '2014-11-03 13:56:56', '2014-11-03 04:56:56'),
(44, 100029, 4, 2, '2014-11-03 13:56:56', '2014-11-03 04:56:56'),
(45, 100030, 1, 1, '2014-11-03 13:56:56', '2014-11-03 04:56:56'),
(46, 100031, 1, 1, '2014-11-03 13:56:56', '2014-11-03 04:56:56'),
(51, 100032, 18, 3, '2014-11-10 10:14:27', '2014-11-10 01:14:27'),
(52, 100032, 19, 3, '2014-11-10 10:14:27', '2014-11-10 01:14:27'),
(53, 100032, 22, 0, '2014-11-10 10:14:27', '2014-11-10 01:14:27'),
(54, 100033, 12, 1, '2014-11-14 14:24:48', '2014-11-14 05:24:48'),
(237, 100034, 1, 3, '2015-04-27 15:53:25', '2015-04-27 06:53:25'),
(238, 100034, 17, 2, '2015-04-27 15:53:25', '2015-04-27 06:53:25'),
(57, 100035, 5, 3, '2014-11-16 16:46:09', '2014-11-16 07:46:09'),
(58, 100035, 21, 3, '2014-11-16 16:46:09', '2014-11-16 07:46:09'),
(61, 100036, 27, 1, '2014-11-18 16:35:08', '2014-11-18 07:35:08'),
(72, 100037, 14, 1, '2014-11-20 14:15:21', '2014-11-20 05:15:21'),
(71, 100037, 9, 5, '2014-11-20 14:15:21', '2014-11-20 05:15:21'),
(73, 100037, 15, 1, '2014-11-20 14:15:21', '2014-11-20 05:15:21'),
(75, 100038, 2, 3, '2014-11-22 02:18:23', '2014-11-21 17:18:23'),
(78, 100039, 1, 3, '2014-11-24 16:32:05', '2014-11-24 07:32:05'),
(85, 100040, 2, 1, '2014-11-27 17:35:46', '2014-11-27 08:35:46'),
(87, 100040, 6, 2, '2014-11-27 17:35:46', '2014-11-27 08:35:46'),
(86, 100040, 3, 1, '2014-11-27 17:35:46', '2014-11-27 08:35:46'),
(82, 100041, 1, 1, '2014-11-27 17:34:50', '2014-11-27 08:34:50'),
(83, 100042, 1, 1, '2014-11-27 17:34:50', '2014-11-27 08:34:50'),
(84, 100043, 1, 1, '2014-11-27 17:34:50', '2014-11-27 08:34:50'),
(88, 100044, 11, 1, '2014-12-01 10:31:06', '2014-12-01 01:31:06'),
(89, 100045, 4, 3, '2014-12-03 10:29:14', '2014-12-03 01:29:14'),
(90, 100045, 6, 0, '2014-12-03 10:29:14', '2014-12-03 01:29:14'),
(91, 100045, 8, 6, '2014-12-03 10:29:14', '2014-12-03 01:29:14'),
(92, 100045, 7, 4, '2014-12-03 10:29:14', '2014-12-03 01:29:14'),
(93, 100046, 1, 1, '2014-12-03 10:29:14', '2014-12-03 01:29:14'),
(94, 100048, 1, 1, '2014-12-03 10:29:14', '2014-12-03 01:29:14'),
(95, 100049, 1, 1, '2014-12-03 10:29:14', '2014-12-03 01:29:14'),
(96, 100121, 6, 2, '2014-12-07 16:03:56', '2014-12-07 07:03:56'),
(97, 100121, 8, 1, '2014-12-07 16:03:56', '2014-12-07 07:03:56'),
(98, 100122, 3, NULL, '2014-12-10 11:04:07', '2014-12-10 02:04:07'),
(99, 100124, 9, NULL, '2014-12-15 10:01:16', '2014-12-15 01:01:16'),
(101, 100123, 5, 2, '2014-12-15 18:47:23', '2014-12-15 09:47:23'),
(140, 100051, 27, 3, '2015-01-05 23:30:40', '2015-01-05 14:30:40'),
(137, 100051, 7, 1, '2015-01-05 23:30:40', '2015-01-05 14:30:40'),
(139, 100051, 17, 3, '2015-01-05 23:30:40', '2015-01-05 14:30:40'),
(136, 100051, 2, 2, '2015-01-05 23:30:40', '2015-01-05 14:30:40'),
(138, 100051, 14, 1, '2015-01-05 23:30:40', '2015-01-05 14:30:40'),
(152, 100126, 2, 3, '2015-01-19 11:50:00', '2015-01-19 02:50:00'),
(125, 100127, 5, 1, '2015-01-05 20:11:36', '2015-01-05 11:11:36'),
(124, 100125, 9, 1, '2015-01-05 20:02:43', '2015-01-05 11:02:43'),
(121, 100125, 7, 2, '2015-01-05 20:02:43', '2015-01-05 11:02:43'),
(122, 100125, 7, 2, '2015-01-05 20:02:43', '2015-01-05 11:02:43'),
(123, 100125, 7, 4, '2015-01-05 20:02:43', '2015-01-05 11:02:43'),
(145, 100130, 8, 3, '2015-01-08 19:49:16', '2015-01-08 10:49:16'),
(144, 100130, 5, 3, '2015-01-08 19:49:16', '2015-01-08 10:49:16'),
(164, 100128, 2, 3, '2015-03-03 13:11:32', '2015-03-03 04:11:32'),
(147, 100131, 5, NULL, '2015-01-13 20:22:23', '2015-01-13 11:22:23'),
(149, 100132, 2, 2, '2015-01-14 20:56:47', '2015-01-14 11:56:47'),
(150, 100133, 14, 1, '2015-01-19 10:57:44', '2015-01-19 01:57:44'),
(156, 100134, 2, 2, '2015-01-21 20:28:57', '2015-01-21 11:28:57'),
(154, 100135, 5, NULL, '2015-01-21 20:14:13', '2015-01-21 11:14:13'),
(155, 100135, 21, NULL, '2015-01-21 20:14:13', '2015-01-21 11:14:13'),
(159, 100136, 1, NULL, '2015-02-23 13:37:57', '2015-02-23 04:37:57'),
(160, 100136, 5, NULL, '2015-02-23 13:37:57', '2015-02-23 04:37:57'),
(161, 100136, 2, NULL, '2015-02-23 13:37:57', '2015-02-23 04:37:57'),
(162, 100136, 17, NULL, '2015-02-23 13:37:57', '2015-02-23 04:37:57'),
(163, 100138, 8, NULL, '2015-02-28 20:16:59', '2015-02-28 11:16:59'),
(165, 100139, 3, NULL, '2015-03-05 14:37:44', '2015-03-05 05:37:44'),
(167, 100137, 2, 1, '2015-03-06 15:33:43', '2015-03-06 06:33:43'),
(173, 100141, 15, 1, '2015-03-10 11:58:31', '2015-03-10 02:58:31'),
(172, 100141, 8, 1, '2015-03-10 11:58:31', '2015-03-10 02:58:31'),
(171, 100141, 2, 2, '2015-03-10 11:58:31', '2015-03-10 02:58:31'),
(191, 100142, 10, 1, '2015-04-07 13:52:38', '2015-04-07 04:52:38'),
(180, 100143, 9, 2, '2015-03-12 14:25:49', '2015-03-12 05:25:49'),
(179, 100143, 2, 3, '2015-03-12 14:25:49', '2015-03-12 05:25:49'),
(181, 100144, 16, 1, '2015-03-16 20:10:59', '2015-03-16 11:10:59'),
(182, 100145, 4, NULL, '2015-03-19 21:30:55', '2015-03-19 12:30:55'),
(189, 100146, 2, 1, '2015-04-07 13:51:23', '2015-04-07 04:51:23'),
(190, 100146, 14, 3, '2015-04-07 13:51:23', '2015-04-07 04:51:23'),
(185, 100147, 2, NULL, '2015-04-07 13:37:55', '2015-04-07 04:37:55'),
(192, 100148, 2, 2, '2015-04-07 20:44:11', '2015-04-07 11:44:11'),
(193, 100149, 3, NULL, '2015-04-08 09:48:45', '2015-04-08 00:48:45'),
(194, 100149, 6, 1, '2015-04-08 09:48:45', '2015-04-08 00:48:45'),
(228, 100150, 3, 2, '2015-04-20 21:23:04', '2015-04-20 12:23:04'),
(229, 100150, 4, 1, '2015-04-20 21:23:04', '2015-04-20 12:23:04'),
(208, 100151, 2, 2, '2015-04-13 23:16:30', '2015-04-13 14:16:30'),
(243, 100152, 2, 2, '2015-05-01 01:48:37', '2015-04-30 16:48:37'),
(244, 100152, 5, 2, '2015-05-01 01:48:37', '2015-04-30 16:48:37'),
(245, 100152, 15, 3, '2015-05-01 01:48:37', '2015-04-30 16:48:37'),
(246, 100152, 17, 3, '2015-05-01 01:48:37', '2015-04-30 16:48:37'),
(221, 100153, 2, 2, '2015-04-17 10:59:26', '2015-04-17 01:59:26'),
(220, 100153, 1, 3, '2015-04-17 10:59:26', '2015-04-17 01:59:26'),
(242, 100154, 1, 5, '2015-05-01 01:08:28', '2015-04-30 16:08:28'),
(222, 100153, 2, 2, '2015-04-17 10:59:26', '2015-04-17 01:59:26'),
(231, 100155, 1, 4, '2015-04-20 22:04:38', '2015-04-20 13:04:38'),
(232, 100156, 5, NULL, '2015-04-27 15:45:32', '2015-04-27 06:45:32'),
(233, 100156, 21, NULL, '2015-04-27 15:45:32', '2015-04-27 06:45:32'),
(234, 100157, 2, NULL, '2015-04-27 15:45:32', '2015-04-27 06:45:32'),
(247, 100158, 2, NULL, '2015-05-02 00:16:46', '2015-05-01 15:16:46'),
(255, 100159, 4, 2, '2015-05-11 19:13:21', '2015-05-11 10:13:21'),
(254, 100159, 3, 1, '2015-05-11 19:13:21', '2015-05-11 10:13:21'),
(253, 100159, 2, 2, '2015-05-11 19:13:21', '2015-05-11 10:13:21'),
(252, 100159, 1, 2, '2015-05-11 19:13:21', '2015-05-11 10:13:21'),
(262, 100160, 5, 5, '2015-05-19 17:58:18', '2015-05-19 08:58:18'),
(258, 100161, 1, NULL, '2015-05-16 15:18:07', '2015-05-16 06:18:07'),
(259, 100161, 14, NULL, '2015-05-16 15:18:07', '2015-05-16 06:18:07'),
(260, 100162, 5, NULL, '2015-05-18 01:25:45', '2015-05-17 16:25:45'),
(261, 100163, 5, NULL, '2015-05-18 01:25:45', '2015-05-17 16:25:45'),
(263, 100164, 8, NULL, '2015-05-25 18:40:06', '2015-05-25 09:40:06'),
(264, 100164, 5, NULL, '2015-05-25 18:40:06', '2015-05-25 09:40:06'),
(265, 100165, 5, NULL, '2015-05-25 18:40:06', '2015-05-25 09:40:06'),
(266, 100166, 5, NULL, '2015-05-25 18:40:06', '2015-05-25 09:40:06'),
(267, 100166, 8, NULL, '2015-05-25 18:40:06', '2015-05-25 09:40:06'),
(268, 100167, 3, NULL, '2015-05-30 13:09:33', '2015-05-30 04:09:33'),
(269, 100167, 15, NULL, '2015-05-30 13:09:33', '2015-05-30 04:09:33'),
(270, 100168, 5, NULL, '2015-06-02 20:05:29', '2015-06-02 11:05:29'),
(271, 100168, 8, NULL, '2015-06-02 20:05:29', '2015-06-02 11:05:29'),
(272, 100169, 5, NULL, '2015-06-07 18:28:33', '2015-06-07 09:28:33'),
(273, 100170, 1, NULL, '2015-06-07 18:28:33', '2015-06-07 09:28:33'),
(274, 100171, 26, NULL, '2015-06-11 14:12:38', '2015-06-11 05:12:38'),
(275, 100171, 26, NULL, '2015-06-11 14:12:38', '2015-06-11 05:12:38'),
(276, 100172, 5, NULL, '2015-06-20 18:31:17', '2015-06-20 09:31:17'),
(294, 100173, 3, 4, '2015-06-25 20:10:43', '2015-06-25 11:10:43'),
(295, 100173, 9, 3, '2015-06-25 20:10:43', '2015-06-25 11:10:43'),
(296, 100173, 17, 2, '2015-06-25 20:10:43', '2015-06-25 11:10:43'),
(297, 100173, 27, 2, '2015-06-25 20:10:43', '2015-06-25 11:10:43'),
(298, 100174, 9, 3, '2015-06-25 20:11:44', '2015-06-25 11:11:44'),
(299, 100174, 17, 1, '2015-06-25 20:11:44', '2015-06-25 11:11:44'),
(283, 100175, 5, NULL, '2015-06-20 18:31:17', '2015-06-20 09:31:17'),
(300, 100176, 5, 1, '2015-06-25 20:13:25', '2015-06-25 11:13:25'),
(305, 100177, 2, 2, '2015-06-25 20:36:14', '2015-06-25 11:36:14'),
(304, 100178, 8, 1, '2015-06-25 20:25:19', '2015-06-25 11:25:19'),
(303, 100178, 5, 2, '2015-06-25 20:25:19', '2015-06-25 11:25:19'),
(306, 100179, 1, 1, '2015-06-29 22:21:04', '2015-06-29 13:21:04');

-- --------------------------------------------------------

--
-- Table structure for table `work_types`
--

CREATE TABLE IF NOT EXISTS `work_types` (
  `id` int(11) NOT NULL AUTO_INCREMENT,
  `name` varchar(255) NOT NULL,
  `sort_no` smallint(4) NOT NULL,
  `created_at` datetime NOT NULL,
  `updated_at` timestamp NOT NULL DEFAULT CURRENT_TIMESTAMP ON UPDATE CURRENT_TIMESTAMP,
  PRIMARY KEY (`id`),
  KEY `sort_no` (`sort_no`)
) ENGINE=MyISAM  DEFAULT CHARSET=utf8 AUTO_INCREMENT=4 ;

--
-- Dumping data for table `work_types`
--

INSERT INTO `work_types` (`id`, `name`, `sort_no`, `created_at`, `updated_at`) VALUES
(1, '理学療法士', 1, '2014-08-11 14:07:22', '2014-11-08 00:28:05'),
(2, '作業療法士', 2, '2014-08-11 14:07:19', '2014-11-08 00:27:59'),
(3, '言語聴覚士', 3, '2014-08-11 14:07:15', '2014-11-08 00:28:19');
